ISBN,title,author
9781509858637,This is Going to Hurt,Adam Kay
9780141033570,"Thinking, Fast and Slow",Daniel Kahneman
9781784701994,When Breath Becomes Air,Paul Kalanithi
9781845298258,The Happiness Trap,Russ Harris
9781846041242,Man's Search For Meaning,Viktor E. Frankl
9780330523622,The Man Who Mistook His Wife for a Hat,Oliver Sacks
9781780722405,The 8-week Blood Sugar Diet,Michael Mosley
9781780723044,The Clever Guts Diet,Michael Mosley
9780241351642,12 Rules for Life,Jordan B. Peterson
9781846685828,Being Mortal,Atul Gawande
9781925228601,Gut,Giulia Enders
9780141038872,The Brain That Changes Itself,Norman Doidge
9781401954406,Medical Medium Liver Rescue,Anthony William
9780141976143,Wreck This Journal,Keri Smith
9780241351635,12 Rules for Life,Jordan B. Peterson
9780141988511,12 Rules for Life,Jordan B. Peterson
9780954852023,Gut and Psychology Syndrome,Dr Natasha Campbell-McBride
9781401948368,Medical Medium Thyroid Healing,Anthony William
9780761169253,Steal Like an Artist,Austin Kleon
9781611800586,Sitting Still Like A Frog,Eline Snel
9781509852505,How Not To Die,Michael Greger
9781780338378,The Whole-Brain Child,Tina Payne Bryson
9780091922146,Birth Skills,Juju Sundin
9780890425558,Diagnostic and Statistical Manual of Mental Disorders (DSM-5),American Psychiatric Association
9781401957650,Medical Medium Celery Juice,Anthony William
9780241250990,The Book You Wish Your Parents Had Read (and Your Children Will Be Glad That You Did),Philippa Perry
9781433805615,Publication Manual of the American Psychological Association,American Psychological Association
9781451695199,Proof of Heaven,Dr. Eben Alexander
9780330533447,The Immortal Life of Henrietta Lacks,Rebecca Skloot
9781843106692,The Complete Guide to Asperger's Syndrome,Tony Attwood
9781846683145,The Checklist Manifesto,Atul Gawande
9781780225920,Do No Harm,Henry Marsh
9780321832016,The Anatomy Coloring Book,Wynn Kapit
9780062427137,The Plant Paradox,Steven R. Gundry
9781846148583,Wreck This Journal Everywhere,Keri Smith
9780141985138,How to Change Your Mind,Michael Pollan
9780684838656,Raising an Emotionally Intelligent Child,John Gottman
9781405923316,Allen Carr's Easy Way to Stop Smoking,Allen Carr
9781593851286,The Mindful Way through Depression,J. Mark G. Williams
9780753823835,Call The Midwife,Jennifer Worth
9781572245136,The Dialectical Behavior Therapy Skills Workbook,Matthew McKay
9781780332024,The Reality Slap,Russ Harris
9780465094455,"The Boy Who Was Raised as a Dog, 3rd Edition",Bruce D. Perry
9780736092265,Strength Training Anatomy,Frederic Delavier
9780143113102,The Brain That Changes Itself,Norman Doidge
9780753557150,Lost Ocean,Johanna Basford
9780060753641,Mating in Captivity,Esther Perel
9781509858613,This is Going to Hurt,Adam Kay
9781781802571,You Are the Placebo,Joe Dispenza
9780553380996,Radical Acceptance,Tara Brach
9780330523677,Awakenings,Oliver Sacks
9781405923538,Unnatural Causes,Dr Richard Shepherd
9780199689903,Oxford Handbook of Clinical Medicine,Ian B. Wilkinson
9781462516995,"DBT Skills Training Manual, Second Edition",Marsha M. Linehan
9781843104810,All Cats Have Asperger Syndrome,Kathy Hoopmann
9781401953119,Becoming Supernatural,Joe Dispenza
9780702046544,Anatomy Trains,Thomas W. Myers
9781447208266,Hallucinations,Oliver Sacks
9781400045372,Loving What Is,Byron Katie
9781903348345,An Introductory Guide to Anatomy & Physiology,Louise Tucker
9780143127741,The Body Keeps the Score,Bessel van der Kolk
9781587790362,The Muscular System Anatomical Chart,Anatomical Chart Company
9781626251137,Rewire Your Anxious Brain,Catherine M. Pittman
9780753825853,Shadows Of The Workhouse,Jennifer Worth
9780753827871,Call The Midwife,Jennifer Worth
9780007250929,The Emperor of All Maladies,Siddhartha Mukherjee
9781846681325,Complications,Atul Gawande
9781473619357,Brain Maker,David Perlmutter
9780061719615,The Gift of Therapy,Irvin Yalom
9781600940521,Change Your Thinking,Dr. Sarah Edelman
9781561706280,You Can Heal Your Life,Louise Hay
9781509822805,Gratitude,Oliver Sacks
9781572307810,"DBT (R) Skills Training Handouts and Worksheets, Second Edition",Marsha M. Linehan
9780807014271,Man's Search for Meaning,Viktor E. Frankl
9781860542381,Don't Shoot the Dog!,Karen Pryor
9781462526789,The Mindful Self-Compassion Workbook,Kristin Neff
9781444738179,Self Compassion,Kristin Neff
9780982978658,Trail Guide to the Body,R.  Andrew Biel
9781447275404,The Man Who Mistook His Wife for a Hat,Oliver Sacks
9780553345391,Hands Of Light,Barbara Ann Brennan
9780465016907,The Drama of the Gifted Child,Alice Miller
9780062326034,Taking Charge of Your Fertility,Toni Weschler
9781529110944,When Breath Becomes Air,Paul Kalanithi
9781101980385,It Didn't Start with You,Mark Wolynn
9780465061716,Trauma and Recovery,Judith Herman
9780141975443,Love's Executioner,Irvin D. Yalom
9781623158088,The Complete Ketogenic Diet for Beginners,Amy Ramos
9781849010986,The Compassionate Mind,Paul Gilbert
9781845295899,I Had a Black Dog,Matthew Johnstone
9781785041228,The End of Alzheimer's,Dale E. Bredesen
9781582703268,The Secret Language of Color Cards,Inna Segal
9781941631560,The China Study: Revised and Expanded Edition,T. Colin Campbell
9780307888440,Immortal Life of Henrietta Lacks,Rebecca Skloot
9781609185046,"Cognitive Behavior Therapy, Second Edition",Judith S. Beck
9781593854454,Smart but Scattered,Peg Dawson
9781861976574,Better,Atul Gawande
9781615190805,The Complete Low-Fodmap Diet,Sue Shepherd
9780753823064,Farewell To The East End,Jennifer Worth
9781848313477,The Epigenetics Revolution,Nessa Carey
9780008128005,A Mind of Your Own,Kelly Brogan
9780099584575,The Gene,Siddhartha Mukherjee
9780671657864,"Many Lives, Many Masters",Brian L. Weiss
9780330523592,Musicophilia,Oliver Sacks
9781529010817,The How Not To Die Cookbook,Michael Greger
9780969276814,"Breaking the vicious cycle, Intestinal health through diet",Elaine Gottscha
9780767908726,Highly Sensitive Child,Elaine N. Aron
9780241303559,The 4 Pillar Plan,Dr. Rangan Chatterjee
9781444786187,Into the Magic Shop,Dr. James R. Doty
9781593853723,Schema Therapy,Jeffrey E. Young
9780393703276,The Body Remembers,Babette Rothschild
9780451217325,The Undiscovered Self,C G Jung
9780890425565,Desk Reference to the Diagnostic Criteria from DSM-5,American Psychiatric Association
9781937473808,When My Worries Get Too Big!,Kari Dunn Buron
9781462520428,"Mind Over Mood, Second Edition",Dennis Greenberger
9781684033010,ACT Made Simple,Russ Harris
9780345339256,Dibs in Search of Self,Virginia M. Axline
9781101911761,We Should All Be Feminists,Chimamanda Ngozi Adichie
9781603585613,The Heal Your Gut Cookbook,Hillary Boynton
9781845290573,On Becoming a Person,Carl Rogers
9780914955009,"Ayurveda, the Science of Self-healing: A Practical Guide",Vasant Lad
9781593859756,The Mindful Path to Self-Compassion,Christopher Germer
9780553386394,Mindsight,Daniel J Siegel
9780891419198,With the Old Breed,E B Sledge
9781572244252,Get Out of Your Mind and into Your Life,Steven C. Hayes
9780718179076,Sweet Poison,David Gillespie
9780470923351,When the Body Says No,Gabor Mate
9781409183747,Listening to the Animals: Becoming The Supervet,Noel Fitzpatrick
9780892819270,Dmt : the Spririt Molecule,Rick Strassman M D
9780071468275,Art Therapy Sourcebook,Cathy Malchiodi
9781587790638,The Skeletal System Anatomical Chart,Anatomical Chart Company
9781250004048,Intuitive Eating,Evelyn Tribole
9781570671043,Spiritual Midwifery,Ina May Gaskin
9780729542623,Marshall & Ruedy's On Call: Principles & Protocols,Anthony F. T. Brown
9780939616572,Anatomy of Movement,Blandine Calais-Germain
9780141018997,Civilization and Its Discontents,Sigmund Freud
9781905812264,Get into Medical School - 1250 UKCAT Practice Questions. Includes Full Mock Exam,Olivier Picard
9780749923730,The Gift Of Therapy,Irvin D. Yalom
9780415833547,Mary Sheridan's From Birth to Five Years: Children's Developmental Progress,Ajay Sharma
9780143116387,Food Rules,Michael Pollan
9781626361287,Nutrient Power,William J. Walsh
9781609611545,Wheat Belly,William Davis
9781609182274,"Motivational Interviewing, Third Edition",William R. Miller
9780330523608,An Anthropologist on Mars,Oliver Sacks
9780340878286,Girls Only! All About Periods and Growing-Up Stuff,Victoria Parker
9781784721916,How to Eat Better,James Wong
9780062571298,Hashimoto's Protocol,Izabella Wentz
9780729542593,Talley and O'Connor's Clinical Examination - 2-Volume Set,Professor Nicholas J. Talley
9781583335543,The Wahls Protocol,Terry Wahls
9781509844333,The How Not To Die Cookbook,Michael Greger
9780736083867,Pilates Anatomy,Rael Isacowitz
9781780331188,Quiet the Mind,Matthew Johnstone
9780968766538,"Your Body, Your Yoga",Bernie Clark
9781905812172,"Medical Interviews - a Comprehensive Guide to Ct, St and Registrar Interview Skills",Olivier Picard
9780062268747,Radical Remission,Kelly A. Turner
9781400052189,The Immortal Life of Henrietta Lacks,Rebecca Skloot
9781841813509,The Crystal Bible Volume 2,Judy Hall
9781846149191,Start Where You Are,Meera Lee Patel
9781741750973,Birth Skills,Juju Sundin
9781925596038,The Clever Guts Diet,Michael Mosley
9780062698148,Dirty Genes,Ben Lynch
9781626251700,Adult Children of Emotionally Immature Parents,Lindsay C. Gibson
9780062562852,Genius Foods,Max Lugavere
9780465092840,"Theory and Practice of Group Psychotherapy, Fifth Edition",Irvin D. Yalom
9781400033461,"Good Calories, Bad Calories",Gary Taubes
9780729542548,Havard's Nursing Guide to Drugs,Adriana P. Tiziani
9780757318375,Hypnobirthing,Marie F. Mongan
9780140192452,The Continuum Concept,Jean Liedloff
9781905319268,BSAVA Textbook of Veterinary Nursing,Tim Greet
9781608824946,Trigger Point Therapy Workbook,Clair Davies
9780970245885,Your Body's Many Cries for Water,F. Batmanghelidj
9780062347473,The Autoimmune Solution,Amy Myers
9780415708234,Healing the Fragmented Selves of Trauma Survivors,Janina Fisher
9781250076229,Being Mortal,Atul Gawande
9781785920745,Creative Ways to Help Children Manage BIG Feelings,Fiona Zandt
9781580085793,Mycelium Running,Paul Stamets
9780373892327,The Beauty Detox Solution,Kimberly Snyder
9781785042157,Eat to Beat Disease,William Li
9781849027700,Nutrition and Physical Degeneration,Weston Price
9780393706130,Sensorimotor Psychotherapy,Pat Ogden
9780753557563,Johanna's Christmas,Johanna Basford
9781851687930,Mindsight,Daniel Siegel
9780954852016,Put Your Heart in Your Mouth,Dr Natasha Campbell-McBride
9780356503820,The Eye Of The World,Robert Jordan
9781465462763,Ayurveda,Sahara Rose Ketabi
9780393706055,8 Keys to Safe Trauma Recovery,Babette Rothschild
9780718179045,The Sweet Poison Quit Plan,David Gillespie
9780198719410,Oxford Handbook of Anaesthesia,Keith G. Allman
9780393339758,The Shallows,Nicholas Carr
9781785041327,Body Positive Power,Megan Jayne Crabbe
9781473657601,Owning it: Your Bullsh*t-Free Guide to Living with Anxiety,Caroline Foran
9780091906955,Change Your Thinking with CBT,Dr. Sarah Edelman
9781482315820,Metaphysical Anatomy,Evette Rose
9780064603065,The Human Brain Coloring Book,Diamond Books
9781780229034,The Telomere Effect,Elizabeth Blackburn
9781496310118,West's Respiratory Physiology,John B. West
9780812988406,When Breath Becomes Air,Paul Kalanithi
9780062347480,The Autoimmune Solution,Amy Myers
9780670785933,The Body Keeps the Score,Bessel van der Kolk
9781845297435,Living with a Black Dog,Matthew Johnstone
9780062507549,Owning Your Own Shadow,Robert A. Johnson
9780399162718,Wreck This Journal (Paper Bag),Keri Smith
9780316182690,Dr Bernstein's Diabetes Solution,Dr. Richard K. Bernstein
9781455726134,Robbins & Cotran Pathologic Basis of Disease,Vinay Kumar
9781623170240,Accessing the Healing Power of the Vagus Nerve,Stanley Rosenberg
9780951951736,How to Starve Cancer,Jane McLelland
9781138806139,The Handbook of Child and Adolescent Clinical Psychology,Alan Carr
9781462508143,The Mindful Way Workbook,John D. Teasdale
9780749959241,Mindfulness for Health,Dr. Danny Penman
9780553818499,The Female Brain,Louann Brizendine
9783850687737,Health Through God's Pharmacy,Maria Treben
9781447242734,Confessions of a Sociopath,M. E. Thomas
9780729542364,Potter & Perry's Fundamentals of Nursing - Australian Version - 5th Edition. Print Book & E-Book,Douglas
9781538712610,Healing Back Pain (Reissue Edition),John E. Sarno
9781572305618,"Overcoming Binge Eating, Second Edition",Christopher G. Fairburn
9780753557167,Magical Jungle,Johanna Basford
9781572304512,Without Conscience,Robert D. Hare
9780553386738,"Women's Bodies, Women's Wisdom",Christiane Northrup
9781472111821,The Happiness Trap Pocketbook,Russ Harris
9780099501640,Descartes' Error,Antonio Damasio
9780465084999,Free to Learn,Peter Gray
9781608827602,"Disarming the Narcissist, Second Edition",Wendy T. Behary
9781911617044,Maybe You Should Talk to Someone,Lori Gottlieb
9781849018784,"Overcoming Anxiety, 2nd Edition",Helen Kennerley
9781912023387,The Unexpected Joy of Being Sober,Catherine Gray
9781760113742,Overcoming Multiple Sclerosis Cookbook,Ingrid Adelsberger
9780393712377,The Polyvagal Theory in Therapy,Deborah A. Dana
9781426218460,The Psychobiotic Revolution,Scott C. Anderson
9781509893911,Just Eat It,Laura Thomas
9780722536230,The Dance of Anger,Harriet Lerner
9780321036636,The Physiology Coloring Book,Wynn Kapit
9780648352402,Period Repair Manual,Lara Briden
9780415559997,Grief Counselling and Grief Therapy,J. William Worden
9780914955573,The Original Reiki Handbook of Dr. Mikao Usui,Mikao Usui
9780500517345,The Sick Rose,Richard Barnett
9781617230127,The Sports Gene,David Epstein
9780809228409,The Web That Has No Weaver,Ted J. Kaptchuk
9781118877715,Breaking Negative Thinking Patterns,Gitta Jacob
9780452281325,The Feeling Good Handbook,David D. Burns
9781760113643,NeuroTribes,Steve Silberman
9781409183761,Listening to the Animals: Becoming The Supervet,Noel Fitzpatrick
9781626252158,"The Anxiety and Phobia Workbook, 6th Edition",Edmund J. Bourne
9780393705164,Maps of Narrative Practice,Michael White
9780753545652,Ivy and the Inky Butterfly,Johanna Basford
9780141007458,Stiff,Mary Roach
9780393706451,The Mindful Therapist,Daniel J. Siegel
9781903458785,Healing Stories for Challenging Behaviour,Susan Perrow
9780062201669,Clean,Alejandro Junger
9780470665411,Cognitive Behavioural Therapy For Dummies,Rhena Branch
9781771642651,The Diabetes Code,Dr. Jason Fung
9780999676189,It Starts with the Egg,Rebecca Fett
9780241309100,The Skincare Bible,Dr Anjali Mahto
9781609184940,"Psychoanalytic Diagnosis, Second Edition",Nancy McWilliams
9780099557555,"I'm Ok, You're Ok",Thomas A. Harris
9781760529093,Pain and Prejudice,Gabrielle Jackson
9780553386721,The Wisdom of Menopause,Christiane Northrup
9781439170915,The Emperor of All Maladies,Siddhartha Mukherjee
9781472963611,Period Power,Maisie Hill
9780099481324,French Women Don't Get Fat,Mireille Guiliano
9781405932639,The Pioppi Diet,Dr. Aseem Malhotra
9781908261151,Carbs & Cals Carb & Calorie Counter,Chris Cheyette
9781784706883,The Language of Kindness,Christie Watson
9780330523646,Seeing Voices,Oliver Sacks
9781932565225,Exploring Feelings,Tony Attwood
9780241317945,The Stress Solution,Dr Rangan Chatterjee
9781455502004,The Healing Code,Alexander Loyd
9780143114963,In Defense of Food,Michael Pollan
9780007498086,Bad Pharma,Ben Goldacre
9781260143676,"First Aid for the USMLE Step 1 2019, Twenty-ninth edition",Tao Le
9781101884232,The Vaccine-Friendly Plan,Thomas Paul
9781854875860,Bartram's Encyclopedia of Herbal Medicine,Thomas Bartram
9780615477121,Stop the Thyroid Madness,Janie A Bowthorpe
9780751573381,The Postnatal Depletion Cure,Dr Oscar Serrallach
9780895947369,Essential Reiki,Diane Stein
9780465021475,Existential Psychotherapy,Irvin D. Yalom
9781473962583,An Introduction to Cognitive Behaviour Therapy,Helen Kennerley
9780345305831,Secret of Childhood,Maria Montessori
9780008239336,The Doctor's Kitchen: Supercharge your health with 100 delicious everyday recipes,Rupy Aujla
9781608828029,The Thriving Adolescent,Louise Hayes
9781433803833,What to Do When Bad Habits Take Hold,Dawn Huebner
9780965987301,Birthing from within,Pam England
9780761128687,Miracle Ball Method,Elaine Petrone
9780399162725,Wreck This Journal (Red),Keri Smith
9781292216119,"Essentials of Human Anatomy & Physiology, Global Edition",Elaine N. Marieb
9780008210915,With the End in Mind,Kathryn Mannix
9781626253735,Balanced and Barefoot,Angela J. Hanscom
9781480216891,Dissolving Illusions,Roman Bystrianyk
9780729541770,Lewis's Medical-Surgical Nursing,Diane Brown
9781911344773,Gut,Giulia Enders
9780062843395,The Longevity Paradox,Steven R. Gundry
9781921966460,The Eczema Diet,Karen Fischer
9781583944899,Healing Developmental Trauma,Laurence Heller
9780091901813,Contented Dementia,Oliver James
9781462515356,DBT (R) Skills Manual for Adolescents,Jill H. Rathus
9781849054928,Starving the Anxiety Gremlin for Children Aged 5-9,Kate Collins-Donnelly
9780062376589,The Mind-Gut Connection,Emeran Mayer
9781848374645,Allen Carr's Easy Way for Women to Stop Smoking,Allen Carr
9780140134599,Dibs in Search of Self,Virginia M. Axline
9780345336569,Discovery of the Child,Maria Montessori
9781462513260,"Clinical Handbook of Psychological Disorders, Fifth Edition",David H. Barlow
9780415870535,Why Love Matters,Sue Gerhardt
9781784162818,All That Remains,Professor Sue Black
9780143038580,The Omnivore's Dilemma,Michael Pollan
9781615191918,The Low-Fodmap Diet Cookbook,Sue Shepherd
9780141034720,In Defence of Food,Michael Pollan
9780062847058,Beyond the Pill,Jolene Brighten
9780702051319,Gray's Anatomy for Students,Richard Drake
9781609186494,"Treatment Plans and Interventions for Depression and Anxiety Disorders, 2e",Robert L. Leahy
9781907904103,"Essential Examination, third edition",Alasdair K. B. Ruthven
9781846144479,Mess,Keri Smith
9781849057172,How to Be a Superhero Called Self-Control!,Lauren Brukner
9781743074497,Clinical Cases for General Practice Exams,Susan Wearne
9781476749860,The FastDiet Cookbook,Mimi Spencer
9781447225997,All Creatures Great and Small,James Herriot
9780553382334,The Wise Heart,Jack Kornfield
9781609184704,An Early Start for Your Child with Autism,Sally J. Rogers
9780393707007,The Polyvagal Theory,Stephen W. Porges
9781583949948,Trauma And Memory,Peter A. Levine
9780702040511,Neurological Rehabilitation,Janet H. Carr
9781573229203,Eat Right for Your Type Comple,Peter D'Adamo
9781907704703,Neurocomic,Matteo Farinella
9781848191969,The Spark in the Machine,Dr Daniel Keown
9781119442608,The Maudsley Prescribing Guidelines in Psychiatry,David M. Taylor
9781580911672,The New Optimum Nutrition Bible,Patrick Holford
9780749927486,Momma And The Meaning Of Life,Irvin D. Yalom
9780071597173,Body by Science,John R. Little
9781626256224,The Intuitive Eating Workbook,Evelyn Tribole
9780988775114,Trim Healthy Mama,Pearl P Barrett
9780141983387,The Butchering Art,Lindsey Fitzharris
9780393707878,The Pocket Guide to The Polyvagal Theory,Stephen Porges
9780465028023,The Happiness Hypothesis,Jonathan Haidt
9780241294758,How to Be Human,Ruby Wax
9780062130792,Womancode,Alisa Vitti
9781911617549,What Doesn't Kill Us,Scott Carney
9781849053419,Starving the Anxiety Gremlin,Kate Collins-Donnelly
9781609182298,Smart but Scattered Teens,Richard Guare
9781529018585,Twas The Nightshift Before Christmas,Adam Kay
9780349410067,Becoming Myself,Irvin D. Yalom
9781781802663,True Refuge,Tara Brach
9781845291556,A Brief History of Medicine,Paul Strathern
9780330508902,The Mind's Eye,Oliver Sacks
9780702057359,Introduction to Veterinary Anatomy and Physiology Textbook,Victoria Aspinall
9781849059954,"The Autism Discussion Page on anxiety, behavior, school, and parenting strategies",Bill Nason
9781473611771,Unthinkable,Helen Thomson
9780393704570,Trauma and the Body,Pat Ogden
9780141975344,Brain On Fire: My Month of Madness,Susannah Cahalan
9781849010665,Overcoming Depression 3rd Edition,Prof Paul Gilbert
9781250127761,The How Not to Die Cookbook,Michael Greger
9780195115017,Becoming Attached,Robert Karen
9780071825108,"Ganong's Review of Medical Physiology, Twenty-Fifth Edition",Kim E. Barrett
9781785922633,A Therapeutic Treasure Box for Working with Children and Adolescents with Developmental Trauma,Karen Treisman
9781849014496,The Alphabet of the Human Heart,Matthew Johnstone
9781556439698,Overcoming Trauma Through Yoga,David Emerson
9780939266067,Windows to Our Children,Violet Oaklander
9781743314753,Social Work Practice in Mental Health,Robert Bland
9780729542647,Understanding Pathophysiology Anz 3e,Judy Craft
9781626251205,The Upward Spiral,Alex Korb
9781626253186,The Worry Trick,David A. Carbonell
9780684853949,The Man Who Mistook His Wife for a Hat and Other Clinical Tales,Oliver W Sacks
9781590301319,Yoga Therapy,A.G. Mohan
9780393301359,My Voice Will Go with You,Sidney Rosen
9780985690434,Why Isn't My Brain Working?,Datis Kharrazian
9781433801310,It Hurts When I Poop!,Howard J. Bennett
9781881217404,Miller's Review of Critical Vaccine Studies,Neil Z. Miller
9781558320383,Active Birth,Janet Balaskas
9781401902100,The Reconnection,Eric Pearl
9781608825820,Self-Esteem Workbook for Teens,Lisa M. Schab
9780961307370,The Aware Baby,Ph.D  Aletha J. Solter
9780345303356,Play Therapy,Virginia M. Axline
9781405933940,The Longevity Diet,Valter Longo
9781781800577,An Introduction to the Lightning Process (R),Phil Parker
9781615190218,Baby-Led Weaning,Gill Rapley
9780670038305,The Brain That Changes Itself,Norman Doidge
9781455770052,Guyton and Hall Textbook of Medical Physiology,John E. Hall
9781107686465,Stahl's Essential Psychopharmacology,Stephen M. Stahl
9780465020119,Love's Executioner,Irvin D. Yalom
9781433805608,Concise Rules of APA Style,American Psychological Association
9781455776849,Veterinary Anatomy Coloring Book,Baljit Singh
9780307452429,Anatomy Of An Epidemic,Robert Whitaker
9780486241388,Human Anatomy,Margaret Matt
9780141399959,The Story of the Human Body,Daniel Lieberman
9780525537175,Ketotarian,Will Cole
9780878936137,Neuroanatomy through Clinical Cases,Hal Blumenfeld
9780399183645,Into the Magic Shop,Director James R Doty
9781462507894,"Taking Charge of ADHD, Third Edition",Russell A. Barkley
9780547053646,How Doctors Think,Jerome E. Groopman
9781905410620,Pregnancy For Men (Revised Edition),Mark Woods
9780702062315,Nursing Calculations,Nicole Phillips
9781593856076,Loving Someone with Borderline Personality Disorder,Shari Y. Manning
9781603429870,"Herbal Antibiotics, 2nd Edition",Stephen Harrod Buhner
9780525479970,Undo It!,Dean Ornish MD
9780702033957,Last's Anatomy,Chummy S. Sinnatamby
9781932565218,Exploring Feelings,Tony Attwood
9780345379740,Between Heaven and Earth,Harriet Beinfield
9780099597858,It's All in Your Head,Dr. Suzanne O'Sullivan
9780143105824,Anti-Oedipus,Professor Gilles Deleuze
9781593853143,The Circle of Security Intervention,Bert Powell
9780062429667,Stealing Fire,Steven Kotler
9780198768814,Drugs in Anaesthesia and Intensive Care,Edward Scarth
9781846043574,Hardwiring Happiness,Rick Hanson
9781556436994,Trauma-Proofing Your Kids,Maggie Kline
9780007514144,Fat Chance,Robert Lustig
9780752266275,The Anxiety Journal,Corinne Sweet
9780312430009,The Checklist Manifesto,Atul Gawande
9781476748368,Childhood Disrupted,Donna Jackson Nakazawa
9780199589562,Oxford Handbook of Emergency Medicine,Jonathan Wyatt
9781853025778,Asperger's Syndrome,Tony Attwood
9780415345460,Playing and Reality,D. W. Winnicott
9780979303609,8 Steps to a Pain-free Back,Esther Gokhale
9781462538249,Attachment Theory in Practice,Susan M. Johnson
9780007307135,Grow Your Own Drugs,James Wong
9780170366670,Understanding Nutrition with Online Study Tools,Eleanor Whitney
9780956596253,Dare,Barry Mcdonagh
9781909865259,Keep Calm and Colour Unicorns,
9780714872780,Art as Therapy,Alain Botton
9781556436307,Trauma Through A Childs Eyes,Maggie Kline
9780729542319,Psychiatric & Mental Health Nursing,Katie Evans
9781628600094,Ready To Run,Kelly Starrett
9780890425541,Diagnostic and Statistical Manual of Mental Disorders (DSM-5 (R)),American Psychiatric Association
9781849059947,The Autism Discussion Page on the core challenges of autism,Bill Nason
9781841198408,Client Centred Therapy (New Ed),Carl Rogers
9781119962861,Schema Therapy in Practice,Arnoud Arntz
9781851688234,Packing for Mars,Mary Roach
9780393706499,Attachment-Focused Family Therapy Workbook,Daniel A. Hughes
9781879181588,Vibrational Medicine,Richard Gerber
9781401950064,Alchemy of Herbs,Rosalee De La Foret
9781462532766,"Eye Movement Desensitization and Reprocessing (EMDR) Therapy, Third Edition",Francine Shapiro
9780415886819,Play Therapy,Garry L. Landreth
9780192854582,Jung: A Very Short Introduction,Anthony Stevens
9781107401013,Dr Podcast Scripts for the Primary FRCA,Rebecca A. Leslie
9781450400954,The Strength Training Anatomy Workout,Frederic Delavier
9780062075871,Clean Gut,Alejandro Junger
9780982021309,Cure Tooth Decay,Ramiel Nagel
9780963382115,Interview Guide for Evaluation of Dsm-V Disorders,Zimmerman
9780062316257,The Hormone Reset Diet,Sara Gottfried
9780393709780,Trauma-Sensitive Mindfulness,David A. Treleaven
9781409173892,The Big Fat Activity Book for Pregnant People,Jordan Reid
9780572022631,The American Indian Secrets of Crystal Healing,Luc Bourgault
9780060953669,Counseling with Choice Theory,William Glasser
9780749927837,Your Body Speaks Your Mind,Deb Shapiro
9780738210940,Engaging Autism,Stanley I. Greenspan
9780062853547,The Autoimmune Solution Cookbook,Amy Myers
9780061771224,The Myth of Mental Illness,Thomas S. Szasz
9781107657267,Pharmacology for Anaesthesia and Intensive Care,Tom E. Peck
9780968766552,"Your Spine, Your Yoga",Bernie Clark
9780749927653,The Complete Book Of Ayurvedic Home Remedies,Vasant Lad
9780374533403,Spirit Catches You and You Fall Down,Anne Fadiman
9780062080646,Super Immunity,Joel Fuhrman
9780415462990,Schema Therapy,Jeffrey Young
9781870244022,T A Today,Ian Stewart
9780199671038,Oxford Handbook of General Practice,Chantal Simon
9780553407990,The Fragrant Mind,Valerie Ann Worwood
9780393704006,The Body Remembers Casebook,Babette Rothschild
9780963648006,The Primal Wound: Understanding the Adopted Child,Nancy Verrier
9781912023035,The Low-FODMAP Recipe Book,Lucy Whigham
9781608828050,Getting Unstuck in ACT,Russ Harris
9780241954331,Eat Right for Blood Type O,Dr. Peter J. D'Adamo
9780984595440,The Amazing Liver and Gallbladder Flush,Andreas Moritz
9780729537520,Last'S Anatomy Revised 9e,McMinn
9780205548743,A Colorful Introduction to the Anatomy of the Human Brain,John P. J. Pinel
9781401955410,Fat for Fuel Ketogenic Cookbook,Joseph Mercola
9780425279991,Psychopath Free,Jackson Mackenzie
9780393700954,Handbook of Hypnotic Suggestions and Metaphors,D. Corydon Hammond
9780702072765,Ross & Wilson Anatomy and Physiology in Health and Illness,Grant
9780062376558,The Mind-Gut Connection,Emeran Mayer
9781462522712,Attachment in Psychotherapy,David J. Wallin
9781118754603,The Maudsley Prescribing Guidelines in Psychiatry,David Taylor
9781447264064,On the Move,Oliver Sacks
9781138806306,The Handbook of Adult Clinical Psychology,Alan Carr
9780373892648,The Beauty Detox Foods,Kimberly Snyder
9780062252746,The Body Book,Cameron Diaz
9780941524247,The Yoga of Herbs,David Frawley
9781780660059,My Child Won't Eat,Carlos Gonz√°lez
9781593857097,Cognitive Behavior Therapy and Eating Disorders,Christopher G. Fairburn
9780385479561,The Hot Zone,Richard Preston
9780961307387,Attachment Play,Aletha Jauch Solter
9780553278323,If You Meet Buddha-Kill Him,Sheldon Kopp
9781250113849,Deep Nutrition,Catherine Shanahan
9781446252536,Person-Centred Counselling in Action,Brian Thorne
9781501144325,Why We Sleep,Matthew Walker
9781786486424,How to Play the Piano,James Rhodes
9780865428713,Essential Medical Statistics,Betty R. Kirkwood
9780443062414,Essential Oil Safety,Robert Tisserand
9780393706468,Coping with Trauma-Related Dissociation,Suzette Boon
9780062122704,After the Affair,Janis Abrahms Spring
9781451184471,Clinically Oriented Anatomy,Keith L. Moore
9781472108852,How to Beat Worry and Generalised Anxiety Disorder One Step at a Time,Paul Farrand
9781905812059,Medical School Interviews: a Practical Guide to Help You Get That Place at Medical School - Over 150 Questions Analysed. Includes Mini-multi Interviews,George Lee
9780241382318,The School of Life,The School of Life
9781885477224,Comic Strip Conversations,Carol Gray
9780553377842,The Touch Of Healing,Alice Burmeister
9780141978352,Do Not Open This Box: Keri Smith Deluxe Boxed Set,Keri Smith
9780729542470,Examination Medicine,Talley
9780316272865,The Thyroid Connection,Amy Myers
9781883725075,Textbook of Ayurveda,Vasant Lad
9781582437026,Slow Death by Rubber Duck,Rick Smith
9780071596954,The No-Cry Nap Solution: Guaranteed Gentle Ways to Solve All Your Naptime Problems,Elizabeth Pantley
9780091882907,Reiki And The Seven Chakras,Richard Ellis
9781683730750,CBT Toolbox for Children and Adolescents,Lisa Phifer
9781450413985,Delavier's Stretching Anatomy,Frederic Delavier
9780736067898,Dynamic Alignment Through Imagery,Eric Franklin
9781409174516,Anxiety and Panic,Harry Barry
9780729541947,Jarvis'S Physical Examination and Health Assessment Anz 2e,Forbes
9781587790454,The Nervous System Anatomical Chart,Anatomical Chart Company
9780857833914,Bowls of Goodness: Vibrant Vegetarian Recipes Full of Nourishment,Nina Olsson
9781444135237,Principles of Physiology for the Anaesthetist,Peter Kam
9781628602739,"Eat Rich, Live Long",Ivor Cummins
9780932194404,Healing the Child Within,Charles L. Whitfield
9780399162701,Wreck This Journal (Duct Tape),Keri Smith
9780312063207,The Complete Homeopathy Handbook,Miranda Castro
9781473650572,The Food Medic for Life,Dr Hazel Wallace
9781849054935,Starving the Anger Gremlin for Children Aged 5-9,Kate Collins-Donnelly
9781931282208,Social Skills Training,Ph D Jed E Baker
9781501144318,Why We Sleep,Matthew Walker
9781570671975,The Pleasure Trap,Douglas J Lisle
9780415448079,Compassion Focused Therapy,Prof Paul Gilbert
9781462507504,"Mindfulness-Based Cognitive Therapy for Depression, Second Edition",Zindel V. Segal
9780723435655,Illustrated Textbook of Paediatrics,Tom Lissauer
9780857833921,Radiant - Eat Your Way to Healthy Skin,Hanna Sillitoe
9780330526142,Migraine,Oliver Sacks
9781760634407,Three Birds Renovations,Bonnie Hindmarsh
9780199688128,Oxford Handbook of Clinical Medicine and Oxford Assess and Progress: Clinical Medicine Pack,Murray Longmore
9780986032004,The Iodine Crisis,Lynne Farrow
9780941599603,Coconut Cures,Bruce Fife
9781606233382,Taking Charge of Adult ADHD,Russell A. Barkley
9780688069711,The Body Electric,Robert O. Becker
9780749921675,Messages From The Masters,Brian Weiss
9780957149908,The Unofficial Guide to Passing OSCEs,Zeshan Qureshi
9781785041426,The Wahls Protocol,Terry Wahls
9781476727264,Working Stiff,Judy Melinek
9780091948184,The Fast Metabolism Diet,Haylie Pomroy
9781780338392,Mindfulness for Life,Stephen McKenzie
9780892817498,Medical Herbalism,David Hoffmann
9780684846347,Molecules of Emotion The Science Behind Mind Body Medicine,Candace Pert
9780199687817,Concise Medical Dictionary,Elizabeth Martin
9780393707137,Pocket Guide to Interpersonal Neurobiology,Daniel J. Siegel
9781626251106,Helping Your Child with Extreme Picky Eating,Katja Rowell MD
9780241338681,Life Lessons from a Brain Surgeon,Rahul Jandial
9780141027586,Your Inner Fish,Neil Shubin
9781591470809,Learning Emotion-Focused Therapy,Robert Elliott
9781451694970,The Immune System Recovery Plan,Dr Susan Blum
9781405340410,The Concise Human Body Book,DK
9780890190333,Fresh Vegetable and Fruit Juices,Norman W. Walker
9781471151002,Ghost Boy,Martin Pistorius
9781591030454,Neurology Pocketcard Set,Sebastian Stuckrad-Barre
9780312310882,"Bountiful, Beautiful, Blissful",Gurmukh Kaur Khalsa
9781446276044,Counselling Adolescents,Kathryn Geldard
9781583944585,The Vital Psoas Muscle,Jo Ann Staugaard-Jones
9780071844574,"First Aid for the USMLE Step 2 CK, Ninth Edition",Tao Le
9781608821648,DBT Made Simple,Sheri Van Dijk
9781849055376,LEGO (R)-Based Therapy,Daniel B. LeGoff
9780738215143,Think Like a Pancreas,Gary Scheiner
9780985690403,Why Do I Still Have Thyroid Symptoms? When My Lab Tests Are Normal,Datis Kharrazian
9780393705553,Attachment-Focused Parenting,Daniel A. Hughes
9780199699476,Oxford Handbook of Clinical Surgery,Greg McLatchie
9781593854560,Attachment in Psychotherapy,David J. Wallin
9781118509173,The Schema Therapy Clinician's Guide,Joan M. Farrell
9781593853556,Talking Back to OCD,John S. March
9781583335215,The Wahls Protocol,Terry Wahls
9780670025503,The Brain's Way of Healing,Norman Doidge
9780578135212,The Autoimmune Paleo Cookbook,Mickey Trescott
9781474603874,Admissions,Henry Marsh
9780091902551,"Healthy Sleep Habits, Happy Child",Marc Weissbluth
9781585624669,The Pocket Guide to the DSM-5 (R) Diagnostic Exam,Abraham M. Nussbaum
9781860491016,The Drama Of Being A Child,Alice Miller
9781119345237,Anatomy and Physiology For Dummies,Erin Odya
9781433805622,Publication Manual of the American Psychological Association,American Psychological Association
9781623157340,The Wicked Good Ketogenic Diet Cookbook,Amanda C Hughes
9780198719021,Oxford Handbook of Clinical Specialties,Andrew Baldwin
9781849059862,The Conversation Train,Joel Shaul
9781846044496,The Autistic Brain,Temple Grandin
9780898621839,Cognitive-Behavioral Treatment of Borderline Personality Disorder,Marsha M. Linehan
9780307887962,The Dukan Diet,Dr Pierre Dukan
9780702066016,Kumar and Clark's Clinical Medicine,Parveen Kumar CBE BSC MD DM (Hc) Frcp Frcp(edin)
9781781807583,Wild Power,Sjanie Hugo Wurlitzer
9781760422295,MURTAGH'S GENERAL PRACTICE 7E,J. Murtagh
9781524744069,Tiny But Mighty,Hannah Shaw
9781118271889,Essentials of WAIS-IV Assessment,Elizabeth O. Lichtenberger
9780976136712,Blood Chemistry and CBC Analysis,Dicken Weatherby
9781849059671,"Kids in the Syndrome Mix of ADHD, LD, Autism Spectrum, Tourette's, Anxiety, and More!",Martin L. Kutscher
9780851319056,The Horse Anatomy Workbook,Maggie Raynor
9780099551065,The Wisdom of Psychopaths,Kevin Dutton
9781623170790,The Modern Herbal Dispensatory,Thomas Easley
9780892819799,Plants of the Gods,Richard Evans Schultes
9781451695182,Proof of Heaven,Eben Alexander
9781612121604,Herbal Antivirals,Stephen Harrod Buhner
9781556438776,Neurokinetic Therapy,David Weinstock
9780831400446,The Structure of Magic: A Book About Language and Therapy v. 1,John Grinder
9780199542550,Clinical Medicine for the MRCP PACES,Gautam Mehta
9780618057078,The Origin of Consciousness in the Breakdown of the Bicameral Mind,Julian Jaynes
9780241973844,The Art of Gathering,Priya Parker
9780241954379,Eat Right for Blood Type A,Dr. Peter J. D'Adamo
9780323072007,Motor Speech Disorders,Joseph R. Duffy
9781473953338,Counselling Children,Kathryn Geldard
9781250066114,How Not to Die,Michael Greger
9780060930721,The Second Brain,Michael Gershon
9781606236314,Early Start Denver Model for Young Children with Autism,Sally J. Rogers
9781447263661,The River of Consciousness,Oliver Sacks
9781855032521,Socially Speaking,Alison Schroeder
9780849921964,What Your Doctor Doesn't Know about Nutritional Medicine May Be Killing You,Ray D Strand
9780335247226,An Introduction to Counselling,John McLeod
9781943370108,Move Your DNA,Katy Bowman
9780198529163,Oxford Guide to Behavioural Experiments in Cognitive Therapy,Khadj Rouf
9780062201232,Miracles Happen,M D Brian L Weiss
9780393704228,Help for the Helper,Babette Rothschild
9780892817276,Green Pharmacy,Barbara Griggs
9780393704242,The Making of a Therapist,Louis Cozolino
9780094720909,The Art of Being,Erich Fromm
9780749918354,Through Time Into Healing,Brian Weiss
9781843444190,A Short History Of Disease,Sean Martin
9780729542753,Pharmacology for Health Professionals,Bronwen Bryant
9781846147098,The Pocket Scavenger,Keri Smith
9781587794667,Ligaments of the Joints Anatomical Chart,Anatomical Chart Company
9781472119230,The Weight Escape,Joseph Ciarrochi
9780141189376,The Divided Self,R. Laing
9780393708356,10 Principles for Doing Effective Couples Therapy,John M. Gottman
9780712670463,"Love, Medicine And Miracles",Bernie Siegel
9781444706383,The End of Your Life Book Club,Will Schwalbe
9781451624434,The Big Fat Surprise,Nina Teicholz
9781107529151,Essential Epidemiology,Penny Margaret Webb
9781284093957,"Breastfeeding And Human Lactation, Enhanced Fifth Edition",Karen Wambach
9780062429650,Stealing Fire,Steven Kotler
9781489498953,Teen Brain,David Gillespie
9781472105653,The Little Book of Resilience,Matthew Johnstone
9781640210219,The Yoga Anatomy Coloring Book,Kelly Solloway
9780316133760,Love Sense,Dr Sue Johnson
9781853158667,"Get Through Medical School: 1100 SBAs/BOFs and EMQs, 2nd edition",Seema Khan
9781849053266,Counselling Skills for Working with Trauma,Christiane Sanderson
9780070285279,Pocket Guide: Pharmacokinetics Made Easy,Donald J. Birkett
9781780224640,Letters to the Midwife,Jennifer Worth
9781855942202,How He Gets into Her Head,Don Hennessy
9780349419442,The Hybrid Diet,Patrick Holford
9781462527830,The Circle of Security Intervention,Bert Powell
9780912912066,Rapid Interpretation of EKG's,Dale Dubin
9781406644296,The Speed Reading Book,Tony Buzan
9781843109150,Living Sensationally,Winnie Dunn
9780805071009,Between Therapist and Client,Michael Khan
9781905812196,Get into Medical School - 700 BMAT Practice Questions,Lydia Campbell
9781439102145,The New Codependency,Melody Beattie
9781577310952,Aromatherapy for the Healthy Child,Valerie Ann Worwood
9780393701715,Character Styles,Stephen M. Johnson
9780911910612,The Merck Veterinary Manual,Susan E. Aiello
9780749959098,The Little Book of Energy Medicine,Donna Eden
9780241969427,The Climb,Chris Froome
9780890425633,Desk Reference to the Diagnostic Criteria From DSM-5 (R),American Psychiatric Association
9781591034896,ECG Pocketcard,Bbp
9780804139809,Freeing Your Child from Anxiety,Tamar Chansky
9780982978665,Trail Guide to the Body Workbook,Andrew Biel
9781845298265,The Beck Diet Solution,Judith S. Beck
9780857831675,"Love, Bake, Nourish",Amber Rose
9780719566998,The Story of San Michele,Axel Munthe
9781626253094,CFT Made Simple,Russell Kolts
9781405915557,The 5:2 Fast Diet Cookbook,Samantha Logan
9781305263727,Theory and Practice of Counseling and Psychotherapy,Gerald Corey
9781509837021,War Doctor,David Nott
9780230215580,Pharmacology for Midwives,Sue Jordan
9781603586863,The Metabolic Approach to Cancer,Nasha Winters
9781603588249,How to End the Autism Epidemic,J.B. Handley
9781450419895,The Strength Training Anatomy Workout: v. 2,Frederic Delavier
9781118454954,Passing the FRACP Written Examination,Jonathan Gleadle
9781743761380,"BRUKNER & KHAN'S CLINICAL SPORTS MEDICINE: INJURIES, VOL. 1",Brukner and Khan
9780452275355,"Too Good to Leave, Too Bad to Stay",Mira Kirshenbaum
9781849052726,Life Story Therapy with Traumatized Children,Richard Rose
9780091865122,The Pocket Atlas Of The Moving Body,Mel Cash
9780552157629,Trick or Treatment?,Dr. Simon Singh
9781408893333,Somebody I Used to Know,Wendy Mitchell
9781906860165,Drugs Without the Hot Air,David Nutt
9781936128426,101 Trauma-Informed Interventions,Linda Curran
9781593856120,Motivational Interviewing in Health Care,Stephen Rollnick
9781606232941,The Mindfulness Solution,Ronald Siegel
9780729541732,Clinical Naturopathy,Dr. Jerome Sarris
9780967089799,The Fourfold Path to Healing,Thomas S. Cowan
9780198716228,Oxford Cases in Medicine and Surgery,Hugo Farne
9780999766804,"Healthy Gut, Healthy You",Ruscio
9780141978048,From Bacteria to Bach and Back,Daniel C. Dennett
9781472119292,"Overcoming Low Self-Esteem, 2nd Edition",Melanie Fennell
9780312187194,Fasting--and Eating--for Health,Joel Fuhrman
9781684030958,Contextual Schema Therapy,Eckhard Roediger
9781472135902,The Compassionate Mind Workbook,Chris Irons
9780241229446,Encyclopedia Of Herbal Medicine,Andrew Chevallier
9781785927829,Outsmarting Worry,Dawn Huebner
9781930485211,Yogabody,P. T. Judith Hanson Lasater
9780393334777,How the Mind Works,Steven Pinker
9781982067694,The Nemechek Protocol for Autism and Developmental Disorders,Jean R Nemechek J D
9781608825295,The Big Book of ACT Metaphors,Jill A. Stoddard
9781477808702,Wayward,Blake Crouch
9780729542241,Toxicology Handbook,Dr. Lindsay Murray
9781592338160,500 Ketogenic Recipes,Dana Carpender
9781570629778,"Yoga For Body, Breath, Mind",A.G. Mohan
9780091954598,Mindful Hypnobirthing,Sophie Fletcher
9781848290631,OSCE Cases with Mark Schemes,Susan C. Shelmerdine
9780552168861,The Marshmallow Test,Walter Mischel
9781623172039,Nurturing Resilience,Kathy L. Kain
9781845290702,Overcoming Insomnia and Sleep Problems,Colin A. Espie
9780684831831,Touched With Fire,Kay Redfield Jamison
9780702047312,Cardiorespiratory Physiotherapy: Adults and Paediatrics,Eleanor Main
9780889374928,Character Strengths Interventions: A Field Guide for Practitioners 2017,Ryan M. Niemiec
9781572244160,Helping Your Child With Selective Mutism,Angela E. McHolm
9780876121443,Scientific Healing Affirmations,Paramahansa Yogananda
9781849052863,Starving the Anger Gremlin,Kate Collins-Donnelly
9780976136729,Signs and Symptoms Analysis from a Functional Perspective- 2nd Edition,Dicken Weatherby
9780312427658,Better,Atul Gawande
9780316159210,The Infertility Cure,Randine Lewis
9780717169269,The Ketogenic Kitchen,Domini Kemp
9780871319319,Why Stomach Acid Is Good for You,Jonathan V. Wright
9781541644632,Deep Medicine,Eric Topol
9780729542401,Mastering Medical Terminology,Sue Walker
9780749916206,Only Love Is Real,Brian Weiss
9781452123660,Eat Pretty,Jolene Hart
9780805095159,Being Mortal,Atul Gawande
9780008353742,Lifespan,David Sinclair
9781890132880,The Lost Language of Plants,Stephen Harrod Buhner
9781905177585,Birth Matters,Ina May Gaskin
9781509823963,The Deepest Well,Nadine Burke Harris
9781409157618,The Sleep Book,Guy Meadows
9780415174299,Counselling for Toads,Robert De Board
9781496354044,Clinically Oriented Anatomy,Keith L. Moore
9780443068768,Practical Fracture Treatment,Ronald McRae
9781404861091,My Friend Has Autism,Amanda Doering Tourville
9780751565348,Past Mortems,Carla Valentine
9781473647770,The Grain Brain Whole Life Plan,David Perlmutter
9781524762230,The Keto Reset Diet,Mark Sisson
9780285626652,Gestalt Therapy,Frederick S. Perls
9780199218479,Training in Obstetrics and Gynaecology,Ippokratis Sarris
9781570620805,Yellow Emperor's Classic Of Medicine,Maoshing Ni
9781400033539,Musicophilia,Oliver Sacks
9781626253346,The Mindfulness and Acceptance Workbook for Anxiety,John P. Forsyth
9780831400781,The Satir Model,Virginia M. Satir
9780335247202,Positive Psychology in a Nutshell: The Science of Happiness,Dr. Ilona Boniwell
9780735216204,The End of Alzheimer's,Dale Bredesen
9781447226017,All Things Bright and Beautiful,James Herriot
9781849050746,Understanding Pathological Demand Avoidance Syndrome in Children,Margaret Duncan
9781462520671,"The Developing Mind, Second Edition",Daniel J. Siegel
9781572304628,Psychoanalytic Case Formulation,Nancy McWilliams
9780723438717,Illustrated Textbook of Paediatrics,Tom Lissauer
9781899171590,Holistic Aromatherapy for Animals,Kristen Leigh Bell
9780199329250,Buried in Treasures,David F. Tolin
9781316618134,Prescriber's Guide,Stephen M. Stahl
9780393351903,Smoke Gets in Your Eyes,Caitlin Doughty
9781572302723,Internal Family Systems Therapy,Richard C. Schwartz
9781107401006,Dr Podcast Scripts for the Final FRCA,Rebecca A. Leslie
9781451699159,Perfect Health Diet,Shou-Ching Jaminet
9781907359156,Therapeutic Storytelling,Susan Perrow
9781570672705,Iridology Simplified,Bernard Jensen
9781476776248,Uniquely Human,PH D Barry M Prizant
9780062561435,"Brain Lock, Twentieth Anniversary Edition",Jeffrey M. Schwartz
9780393705263,Attachment-Focused Family Therapy,Daniel A. Hughes
9780061652639,The Practice of Spiritual Direction,William A. Barry
9780415945684,The Practice of Emotionally Focused Couple Therapy,Susan M. Johnson
9781558616615,"Witches, Midwives, And Nurses (2nd Ed.)",Barbara Ehrenreich
9781615992164,Please Explain Anxiety to Me!,Laurie E Zelinger
9780749920135,Say No To Arthritis,Patrick Holford
9780062286703,Eat to Live Cookbook,Dr Joel Fuhrman
9780062065353,The MELT Method,Sue Hitzmann
9781511585620,How to Heal Your Metabolism,Kate Deering
9780141182360,Civilization and Its Discontents,Sigmund Freud
9781590301661,Art Heals,Shaun McNiff
9781401956790,KetoFast,Dr Joseph Mercola
9780471084631,Essentials of PAI Assessment,Leslie C. Morey
9781585624430,Psychodynamic Psychiatry in Clinical Practice,Glen O. Gabbard
9780679742449,How We Die,Sherwin B. Nuland
9781583335444,Coconut Oil Miracle,Bruce Fife
9781771641258,The Obesity Code,Dr. Jason Fung
9781506224473,Score Higher on the UKCAT,Kaplan Test Prep
9780393709506,Trauma-Sensitive Yoga in Therapy,David Emerson
9781780723723,The Inflamed Mind,Edward Bullmore
9781782395508,Reaching Down the Rabbit Hole,Allan Ropper
9781925228779,The Biology of Desire,Marc Lewis
9780914955368,Ayurveda and the Mind,David Frawley
9781590308196,Playful Learning,Mariah Bruehl
9780062571595,Hashimoto's Food Pharmacology,Izabella Wentz
9781975107840,2019 Lippincott Pocket Drug Guide for Nurses,Amy M. Karch
9781849055024,"Exploring Depression, and Beating the Blues",Tony Attwood
9781626250246,iRest Program For Healing PTSD,Richard C. Miller
9781482241921,Handbook of Obstetric Medicine,Catherine Nelson-Piercy
9780940985599,Ayurveda and Marma Therapy,David Frawley
9781450413992,Delavier's Core Training Anatomy,Frederic Delavier
9781572228399,Acupressure,Vincent Perez
9780071390118,Principles of Neural Science,Eric R. Kandel
9780571161164,Complete Herbal Handbook for Farm and Stable,Juliette De Bairacli-Levy
9780961462000,Wise Woman Herbal for the Childbearing Year,Susun S. Weed
9781608829101,Mindfulness for Teen Anxiety,Christopher Willard
9781509899470,This is Going to Hurt,Adam Kay
9781909301337,The Selective Mutism Resource Manual,Maggie Johnson
9780062516060,The HeartMath Solution,Doc Childre
9780702051456,Myles Textbook for Midwives,Jayne E. Marshall
9781576759448,Trauma Stewardship: An Everyday Guide to Caring for Self While Caring for Others,Connie Burk
9781409183754,Listening to the Animals: Becoming The Supervet,Noel Fitzpatrick
9780806905846,500 FORMULAS FOR AROMATHERAPY,Carol Schiller
9781509821822,Everything in its Place,Oliver Sacks
9781909855472,The Skinny Hot Air Fryer Cookbook,Cooknation
9781496339072,ACSM's Guidelines for Exercise Testing and Prescription,American College of Sports Medicine
9781462533282,Experiencing Schema Therapy from the Inside Out,Joan M. Farrell
9780192853929,The Brain: A Very Short Introduction,Michael O'Shea
9780395755310,On Becoming a Person,Carl R. Rogers
9780399594663,Yes Brain,Daniel J. Siegel
9781572240445,The Power of Focusing,Ann Weiser Cornell
9781605295282,Orgasmic Birth,Elizabeth Davis
9780393706208,Trauma Essentials,Babette Rothschild
9780312680084,Stuck Up!,Rich E. Dreben
9780241973837,The Art of Gathering,Priya Parker
9781107615885,"Physics, Pharmacology and Physiology for Anaesthetists",Matthew E. Cross
9781492501626,Essentials of Strength Training and Conditioning,G.Gregory Haff
9780199693887,Oxford Handbook of Psychiatry,David Semple
9781447226093,The Lord God Made Them All,James Herriot
9781592850990,Get Me Out Of Here,Rachel Reiland
9780062309952,Eat to Live Cookbook,Dr Joel Fuhrman
9781598571967,Augmentative & Alternative Communication,David R. Beukelman
9780443066320,A Clinical Guide to Blending Liquid Herbs,Kerry Bone
9780307272706,Why We Get Fat,Gary Taubes
9781785925290,"A Therapeutic Treasure Deck of Grounding, Soothing, Coping and Regulating Cards",Karen Treisman
9781683730873,Internal Family Systems Skills Training Manual,Frank G Anderson
9780062684950,Eat to Live Quick and Easy Cookbook,Dr Joel Fuhrman
9781451621389,Brain on Fire,Susannah Cahalan
9781408857977,The Health Gap,Michael Marmot
9781455754168,Pocket Companion to Robbins & Cotran Pathologic Basis of Disease,Richard N. Mitchell
9781844884575,Just One More Question,Niall Tubridy
9781465429780,The Science of Parenting,Margot Sunderland
9781471136504,"The Tao Of Health, Sex And Longevity",Daniel Reid
9780349414423,The Gentle Eating Book,Sarah Ockwell-Smith
9781609184964,Metacognitive Therapy for Anxiety and Depression,Adrian Wells
9781907904820,Dermatology Made Easy,Amanda Oakley
9780963837295,Beating Cancer with Nutrition,Patrick Quillin
9781118583180,Introduction to the Human Body,Gerard J. Tortora
9780415807258,Techniques of Grief Therapy,Robert A. Neimeyer
9780446676922,Messages from the Masters,Brian Weiss
9781743073681,Clinical Sports Nutrition,Louise Burke
9780702066351,Dictionary of Veterinary Nursing,Denis Richard Lane
9781572244801,The Worry Trap,Chad Lejeune
9780195395525,Neuropsychological Assessment,Muriel Deutsch Lezak
9780671736453,The Way of Energy,Lam Kam Chuen
9780982978689,"Trail Guide to the Body Flashcards, Vol. 2: Muscles of the Body",Andrew Biel
9781848192645,Pain is Really Strange,Steve Haines
9780702055065,The Physiotherapist's Pocketbook,Karen Kenyon
9781591203742,Earthing,Clinton Ober
9780120884674,The Human Bone Manual,Tim D. White
9781849055239,What's Happening to Tom?,Kate E. Reynolds
9781760293192,Overcoming Multiple Sclerosis,Professor George Jelinek
9780425183090,"Blood Type O: Food, Beverage & Supplement List",Peter J. D'Adamo
9780750648288,Basic Physics & Measurement in Anaesthesia,P. D. Davis
9781617230158,The Psychopath Inside,James H. Fallon
9781260116120,First Aid for the USMLE Step 1 2018,Tao Le
9780393707298,The Body Remembers Volume 2,Babette Rothschild
9781623172169,Applied Anatomy of Aerial Arts,Emily Scherb
9780241282076,Blueprint,Robert Plomin
9780443069925,Principles and Practice of Phytotherapy,Kerry Bone
9781462518890,Experiencing CBT from the Inside Out,James Bennett-Levy
9780349417387,The Salt Fix,James Dinicolantonio
9780702053351,Textbook of Adult Emergency Medicine,Peter Cameron
9781451620702,The Impatient Woman's Guide to Getting Pregnant,Jean M. Twenge
9781529318708,Overcoming,Vicky Phelan
9780062316240,The Hormone Reset Diet,Sara Gottfried
9780091809560,Sports And Remedial Massage Therapy,Mel Cash
9781137603487,The Reflective Journal,Barbara Bassot
9780241216569,What Every Parent Needs To Know,Margot Sunderland
9781848503243,A Course in Weight Loss,Marianne Williamson
9781623367299,The Autoimmune Wellness Handbook,Mickey Trescott
9781781808566,The Acid Watcher Diet,Dr. Jonathan Aviv
9781591430773,Plant Spirit Healing,Pam Montgomery
9780767900959,The Heart's Code,Paul Pearsall
9780060894085,Genome,Matt Ridley
9781632868305,Lost Connections,Johann Hari
9780007505142,I Think You'll Find It's a Bit More Complicated Than That,Ben Goldacre
9780985615437,Stop the Thyroid Madness II,Andrew Heyman
9781118777480,Paediatric Handbook,Michael Marks
9781292084978,The Coaching Manual,Julie Starr
9781780224824,Dorothea's War,Dorothea Crewdson
9781501223600,The Brain That Changes Itself : Stories of Personal Triumph from the Frontiers of Brain Science (MP3 CD),Jim Bond
9781623151478,5:2 Fast Diet for Beginners,Rockridge Press
9781462528943,"Acceptance and Commitment Therapy, Second Edition",Steven C. Hayes
9781849161572,Spark,Dr. John J. Ratey
9781107613980,Clinical Psychology for Trainees,Andrew C. Page
9780007176847,The Gentle Birth Method,Dr. Gowri Motha
9780199578689,Clinical Medicine for the MRCP PACES Pack,Gautam Mehta
9780702042324,Accident and Emergency Radiology: A Survival Guide,Nigel Raby
9781775274223,Ketogenic Bread Cookbook,Amber Gryffon
9781593850098,Psychoanalytic Psychotherapy,Nancy McWilliams
9781118902400,Medical Pharmacology at a Glance,Michael J. Neal
9781910559062,Moon Time,Lucy H. Pearce
9780393706420,The Neuroscience of Psychotherapy,Louis Cozolino
9780062320049,Vitamin K2 and the Calcium Paradox,Kate Rheaume-bleue
9780831400491,The Structure of Magic: A Book About Communication and Change v. 2,John Grinder
9780199680375,Mentalization-Based Treatment for Personality Disorders,Anthony Bateman
9781260440294,"First Aid for the USMLE Step 2 CK, Tenth Edition",Tao Le
9781250018311,Gluten-Free Artisan Bread in Five Minutes a Day,Jeff Hertzberg
9780892819782,The Encyclopedia of Psychoactive Plants,Christian R√§tsch
9780895295484,DMSO,Morton Walker
9780984392773,Self-Therapy,Jay Earley
9781925322705,Letting Go,Charlie Corke
9781884772009,Mucusless Diet Healing System,Arnold Ehret
9781451193831,Exercise Physiology,William D. McArdle
9780767922470,Ever Patient Tells a Story,Lisa Sanders
9781841196749,The Autistic Spectrum,Lorna Wing
9780312338084,Disease-Proof Your Child,Joel Fuhrman M D
9780008196783,Fragile Lives,Stephen Westaby
9780435046873,Preparing for the BMAT: The official guide to the Biomedical Admissions Test New Edition,
9780525534075,The Longevity Diet,Valter Longo
9781433807091,The Heart and Soul of Change,Barry L. Duncan
9780285637221,She Comes First,Ian Kerner
9780688172176,Phantoms in the Brain,"V S Ramachandran M.D., Ph.D."
9780995051201,"Rest, Play, Grow",Deborah MacNamara PhD
9780060988470,The Mind and the Brain,Jeffrey M Schartz
9780743264488,"You Mean I'm Not Lazy, Stupid or Crazy?!",Kate Kelly
9781401956134,Chris Beat Cancer,Christ Wark
9780415815062,Sports Injury Prevention and Rehabilitation,David Joyce
9781780661803,The Roar Behind the Silence,Sheena Byrom
9781849057592,The Green Zone Conversation Book,Joel Shaul
9780717185719,One Day at a Time Diary 2020,Abby Wynne
9780486223407,Notes on Nursing,Florence Nightingale
9780062476340,The Adrenal Thyroid Revolution,Aviva Romm
9780226039053,Steps to an Ecology of Mind,Gregory Bateson
9781587790775,Vascular System and Viscera Anatomical Chart,Anatomical Chart Company
9781406644265,The Memory Book,Tony Buzan
9781936128778,Self-Regulation Interventions and Strategies,Teresa Garland
9780954599614,Close Your Mouth,Patrick G. McKeown
9781845298241,Overcoming Health Anxiety,David Veale
9780415355278,A Secure Base,John Bowlby
9780600633471,Hamlyn All Colour Cookery: 200 5:2 Diet Recipes,Angela Dowden
9780940795235,Body-centered Psychotherapy,Ron Kurtz
9781608828159,Insecure in Love,Leslie Becker-phelps
9781905664764,Primal Wound,Nancy Verrier
9781401956110,Chris Beat Cancer,Chris Wark
9781606239186,The Anxiety and Worry Workbook,David A. Clark
9781401902889,The Bloke's Guide To Pregnancy,Jon Smith
9781893858558,Examkrackers 101 Passages in MCAT Verbal Reasoning,David Orsay
9780091902056,The Light In The Window,June Goulding
9780143118824,The Poisoner's Handbook,Professor of Journalism Deborah Blum
9780323530507,Netter's Anatomy Flash Cards,John T. Hansen
9781781251706,Forensics,Val McDermid
9780323353175,Robbins Basic Pathology,Vinay Kumar
9781935826187,Facial Diagnosis of Cell Salt Deficiencies,David R. Card
9781515351511,Ketogenic Diet,Malik Johnson
9780099592068,My Age of Anxiety,Scott Stossel
9780323545037,Netter's Anatomy Coloring Book Updated Edition,John T. Hansen
9781626259492,"Learning ACT, 2nd Edition",Jason B. Luoma
9780984481743,The Brain over Binge Recovery Guide,Kathryn Hansen
9781849059206,Exploring Feelings for Young Children with High-Functioning Autism or Asperger's Disorder,Tony Attwood
9780702034473,Aids to the Examination of the Peripheral Nervous System,Michael O'Brien
9780190930967,Let the Children Play,Pasi Sahlberg
9780140194715,Bioenergetics,Alexander Lowen
9780062515421,Meditation Made Easy,Lorin Roche
9780062426765,The Healthiest Diet on the Planet,John McDougall
9780393706345,1001 Solution-Focused Questions,Fredrike Bannink
9780831400705,New Peoplemaking,Virginia M. Satir
9780241346952,Shinrin-Yoku,Dr Qing Li
9780801093555,"Think, Learn, Succeed Workbook",Dr. Caroline Leaf
9781878424082,The 12 Stages of Healing,Donald M. Epstein
9780593079423,The Little Book of Big Weightloss,Bernadette Fisers
9781608825653,Mindfulness for Borderline Personality Disorder,Blaise Aguirre
9781622030958,Plant Spirit Medicine,Eliot Cowan
9781439107959,Emperor of All Maladies,Siddharta Mukherjee
9780863887581,The Mental Health Handbook,Trevor Powell
9780062113320,The Happiest Baby Guide to Great Sleep,Harvey Karp
9781609184728,Bright Kids Who Can't Keep Up,Ellen Braaten
9780674013827,Strangers to Ourselves,Timothy D. Wilson
9781846684319,Mountains Beyond Mountains,Tracy Kidder
9781447226062,All Things Wise and Wonderful,James Herriot
9780553378252,What's Going on in There?,Lise Eliot
9781846198847,Deadly Medicines and Organised Crime,Peter C. Gotzsche
9780500518106,Crucial Interventions,Richard Barnett
9780738213880,The Depression Cure,Stephen S. Ilardi
9781843106951,Art Therapy Exercises,Liesl Silverstone
9781780227016,Shrinks,Jeffrey A. Lieberman
9781509893065,How Not To Diet,Michael Greger
9781603587297,Tripping Over the Truth,Travis Christofferson
9781610392334,Memoirs of an Addicted Brain,Marc Lewis
9780415947473,Becoming an Emotionally Focused Couple Therapist,Susan M. Johnson
9780394725673,Creative Process in Gestalt Therapy,Joseph C. Zinker
9781462528646,Cognitive Processing Therapy for PTSD,Patricia A. Resick
9780393711042,The Neurobiology of Attachment-Focused Therapy,Jonathan Baylin
9780199679867,Oxford Handbook of Clinical Diagnosis,Huw Llewelyn
9780915556373,Smart Moves,Carla Hannaford
9781462518166,Creative Interventions with Traumatized Children,Cathy A. Malchiodi
9781609139711,Kaplan and Sadock's Synopsis of Psychiatry,Benjamin J. Sadock
9780393705959,The Science of Trust,John M. Gottman
9781604076639,Freedom from Pain,Peter Levine
9781474606530,From Here to Eternity,Caitlin Doughty
9780199698400,Oxford Handbook of Obstetrics and Gynaecology (flexicover),Sally Collins
9780425269978,Healing Add,Daniel Amen
9780729542302,Nursing and Midwifery Research,Dean Whitehead
9781784741471,I Found My Tribe,Ruth Fitzmaurice
9781138831209,Understanding and Treating Chronic Shame,Patricia A. DeYoung
9780345503428,How God Changes Your Brain,Andrew B. Newberg
9780393324822,Stiff,Mary Roach
9789241547079,Basic epidemiology,World Health Organization(WHO)
9781583332894,From Fatigued to Fantastic,Jacob Teitelbaum
9780091939694,Break Free from OCD,Fiona Challacombe
9780099590088,Sapiens,Yuval Noah Harari
9781784701994,When Breath Becomes Air,Paul Kalanithi
9781784703936,Homo Deus,Yuval Noah Harari
9781473695986,Brief Answers to the Big Questions,Stephen Hawking
9780330523622,The Man Who Mistook His Wife for a Hat,Oliver Sacks
9780857501004,A Brief History Of Time,Stephen Hawking
9781780723044,The Clever Guts Diet,Michael Mosley
9781846685828,Being Mortal,Atul Gawande
9781847946249,The Power of Habit,Charles Duhigg
9781925228601,Gut,Giulia Enders
9780141038872,The Brain That Changes Itself,Norman Doidge
9780393609394,Astrophysics for People in a Hurry,Neil Degrasse Tyson
9781783962433,Prisoners of Geography,Tim Marshall
9781848549562,What If?,Randall Munroe
9780099302780,"Guns, Germs And Steel",Jared Diamond
9781450400244,Yoga Anatomy,Leslie Kaminoff
9780818402531,Where Did I Come From?,Peter Mayle
9781405930994,Lion,Saroo Brierley
9780553176988,A Brief History Of Time,Stephen Hawking
9780330351690,Into the Wild,Jon Krakauer
9780552151740,A Short History of Nearly Everything,Bill Bryson
9781405937184,The Salt Path,Raynor Winn
9780330533447,The Immortal Life of Henrietta Lacks,Rebecca Skloot
9780486284958,"Walden: Or, Life in the Woods",Henry David Thoreau
9781607432388,Key Muscles of Yoga: Your Guide to Functional Anatomy in Yoga,Ray Long
9780007284870,Bad Science,Ben Goldacre
9781473620919,Thing Explainer,Randall Munroe
9780141980805,The Brain's Way of Healing,Norman Doidge
9780321832016,The Anatomy Coloring Book,Wynn Kapit
9780141985138,How to Change Your Mind,Michael Pollan
9780141034591,The Black Swan,Nassim Nicholas Taleb
9780330492270,The Psychopath Test,Jon Ronson
9780141981727,Seven Brief Lessons on Physics,Carlo Rovelli
9781607749769,Women In Science,Rachel Ignotofsky
9780143113102,The Brain That Changes Itself,Norman Doidge
9780241956182,This Changes Everything,Naomi Klein
9780753557150,Lost Ocean,Johanna Basford
9781572246959,Buddha's Brain,Rick Hanson
9780399165245,A Mind for Numbers,Barbara Oakley
9780141991740,No One Is Too Small to Make a Difference,Greta Thunberg
9781771642484,The Hidden Life of Trees,Peter Wohlleben
9781908435132,The Maze Runner,James Dashner
9780465026562,"Godel, Escher, Bach",Douglas R. Hofstadter
9780198739838,Superintelligence,Nick Bostrom
9781473680326,How To,Randall Munroe
9781781802571,You Are the Placebo,Joe Dispenza
9780141031484,Fooled by Randomness,Nassim Nicholas Taleb
9781472117113,A Brief History of Mathematical Thought,Luke Heaton
9780330492294,So You've Been Publicly Shamed,Jon Ronson
9780198788607,The Selfish Gene,Richard Dawkins
9780486272634,Flatland,Edwin A. Abbott
9781903348345,An Introductory Guide to Anatomy & Physiology,Louise Tucker
9781906427795,The Scorch Trials,James Dashner
9780552562966,A Really Short History of Nearly Everything,Bill Bryson
9780753809877,Endurance: Shackleton's Incredible Voyage,Alfred Lansing
9780552778053,The Magic of Reality,Richard Dawkins
9781451683400,Free Will,Sam Harris
9781447259947,An Astronaut's Guide to Life on Earth,Chris Hadfield
9780099173311,Surely You're Joking Mr Feynman,Richard P. Feynman
9780470894521,Mathematical Mindsets,Jo Boaler
9781626251137,Rewire Your Anxious Brain,Catherine M. Pittman
9781607432395,Key Poses of Yoga: the Scientific Keys Vol 2,Ray Long
9780007250929,The Emperor of All Maladies,Siddhartha Mukherjee
9780099575061,Behave,Robert M. Sapolsky
9780099519850,The Talent Code,Daniel Coyle
9780345539434,Cosmos,Carl Sagan
9780345409461,The Demon-Haunted World,Carl Sagan
9781509822805,Gratitude,Oliver Sacks
9780330453677,Into the Wild,Jon Krakauer
9780982978658,Trail Guide to the Body,R.  Andrew Biel
9781447275404,The Man Who Mistook His Wife for a Hat,Oliver Sacks
9781529110944,When Breath Becomes Air,Paul Kalanithi
9781784741723,Invisible Women,Caroline Criado Perez
9780306819117,Why Does E=mc2?,Brian Cox
9780141991443,This Is Not A Drill,Extinction Rebellion
9781843547167,This Is Your Brain On Music,Daniel J. Levitin
9780143109679,Let My People Go Surfing,Yvon Chouinard
9781784161927,The God Delusion,Richard Dawkins
9780141981802,Life 3.0,Max Tegmark
9780099478898,The Happiness Hypothesis,Jonathan Haidt
9781784700089,Alan Turing: The Enigma,Andrew Hodges
9780307888440,Immortal Life of Henrietta Lacks,Rebecca Skloot
9781848549005,The Invention of Nature,Andrea Wulf
9781784160753,Storm in a Teacup,Helen Czerski
9780143107521,The Poetics of Space,Gaston Bachelard
9781781805473,The Biology of Belief,Bruce H. Lipton
9780141988351,Chernobyl,Serhii Plokhy
9781848313477,The Epigenetics Revolution,Nessa Carey
9780241351574,Talking to Strangers,Malcolm Gladwell
9781781256848,The Age of Surveillance Capitalism,Shoshana Zuboff
9780141985411,Weapons of Math Destruction,Cathy O'neil
9780141983219,Reality Is Not What It Seems,Carlo Rovelli
9780241270530,Chernobyl Prayer,Svetlana Alexievich
9780099584575,The Gene,Siddhartha Mukherjee
9781471112683,A Universe From Nothing,Lawrence Krauss
9781603580557,Thinking in Systems,Donella Meadows
9781119002253,Storytelling with Data,Cole Nussbaumer Knaflic
9780007350544,Bounce,Matthew Syed
9780718185541,The GCHQ Puzzle Book,GCHQ
9780241341131,Digital Minimalism,Cal Newport
9780330523592,Musicophilia,Oliver Sacks
9781590173138,The One-Straw Revolution,Masanobu Fukuoka
9780345376596,Pale Blue Dot: a Vision of the Human Future in Space,Carl Sagan
9780143120537,Moonwalking with Einstein,Joshua Foer
9780307279460,A Walk in the Woods,Bill Bryson
9780143113997,"Eat, Pray, Love",Elizabeth Gilbert
9780141983042,The Undoing Project,Michael Lewis
9780552775243,The Greatest Show on Earth,Richard Dawkins
9780486450063,On the Origin of Species,Charles Darwin
9781571313560,Braiding Sweetgrass,Robin Wall Kimmerer
9780241951460,My Family and Other Animals,Gerald Durrell
9781409184676,The Ordnance Survey Puzzle Book,Ordnance Survey
9781409163862,L'art de la Simplicite (The English Edition),Dominique Loreau
9780099769514,In Patagonia,Bruce Chatwin
9781784160029,Waking Up,Sam Harris
9780141979090,Enlightenment Now,Steven Pinker
9780141975658,The Signal and the Noise,Nate Silver
9780141184944,Silent Spring,Rachel Carson
9780553819229,The Grand Design,Stephen Hawking
9781743311325,Biggest Estate on Earth,Bill Gammage
9780241143803,Underland,Robert Macfarlane
9781409173922,Wild Embers,Nikita Gill
9780939616572,Anatomy of Movement,Blandine Calais-Germain
9781864471212,Weed Forager's Handbook,Adam Grubb
9781847390547,Einstein,Walter Isaacson
9780517887295,Fingerprints Of The Gods,Graham Hancock
9780226458120,The Structure of Scientific Revolutions,Thomas S. Kuhn
9780753808511,The Cosmic Serpent,Jeremy Narby
9780807068779,"New And Selected Poems, Volume One",Mary Oliver
9780307352125,Dr. Gundry's Diet Evolution,Dr Steven R Gundry
9780141977812,Quantum Mechanics: The Theoretical Minimum,Leonard Susskind
9780241958681,Collapse,Jared Diamond
9781936891030,Turning Pro,Steven Pressfield
9780241189450,Who Rules the World?,Noam Chomsky
9781784161859,A Short History of Nearly Everything,Bill Bryson
9780712670388,Food Of The Gods,Terence McKenna
9780718196042,How Not to Be Wrong,Jordan Ellenberg
9781938469350,How To Brew,John Palmer
9780968766538,"Your Body, Your Yoga",Bernie Clark
9781848312203,Delusions of Gender,Cordelia Fine
9780226468013,Metaphors We Live by,George Lakoff
9781400052189,The Immortal Life of Henrietta Lacks,Rebecca Skloot
9780552778909,The Magic of Reality,Richard Dawkins
9781784742928,Invisible Women,Caroline Criado Perez
9780062316097,Sapiens,Yuval Noah Harari
9780241398630,The Art of Statistics,David Spiegelhalter
9780062698148,Dirty Genes,Ben Lynch
9780062562852,Genius Foods,Max Lugavere
9781781256855,The Age of Surveillance Capitalism,Shoshana Zuboff
9781400033461,"Good Calories, Bad Calories",Gary Taubes
9780141026169,The Blind Watchmaker,Richard Dawkins
9780140192452,The Continuum Concept,Jean Liedloff
9781473688629,Theatre of the World,Thomas Reinertsen Berg
9781580085793,Mycelium Running,Paul Stamets
9781579128142,The Elements,Nick Mann
9780746087565,See Inside Maths,Minna Lacey
9780141032139,Moonwalking with Einstein,Joshua Foer
9781851687930,Mindsight,Daniel Siegel
9781853267802,The Origin of Species,Charles Darwin
9780761163800,Safari,Dan Kainen
9780393339758,The Shallows,Nicholas Carr
9780198393511,Oxford IB Study Guides: Biology for the IB Diploma,Andrew Allott
9780007256532,Predictably Irrational,Dan Ariely
9781526419521,Discovering Statistics Using IBM SPSS Statistics,Andy Field
9781935251743,Biocentrism,Robert Lanza
9780857522412,The Body,Bill Bryson
9780193727847,Piano Time 1,Pauline Hall
9780141981765,Zero Waste Home,Bea Johnson
9780393254594,The Undoing Project,Michael Lewis
9781447278603,You Are Here,Chris Hadfield
9780007183036,Food For Free,Richard Mabey
9781401938697,Biology of Belief,Bruce Lipton
9780593066126,The Magic of Reality,Richard Dawkins
9780064603065,The Human Brain Coloring Book,Diamond Books
9780702253416,Call of the Reed Warbler: A New Agriculture - A New Earth,Charles Massy
9781454909538,Gemstones of the World,Walter Schumann
9780198393535,Oxford IB Study Guides: Chemistry for the IB Diploma,Geoff Neuss
9780349107035,Cosmos,Carl Sagan
9781408809594,Alex's Adventures in Numberland,Alex Bellos
9780994392817,The Art of Frugal Hedonism,Annie Raser-Rowland
9781451636024,Waking Up,Sam Harris
9780140136296,How to Lie with Statistics,Darrell Huff
9780521809269,The Art of Electronics,Paul Horowitz
9781849900010,Life on Air,Sir David Attenborough
9781506362946,"Visible Learning for Mathematics, Grades K-12",John A. Hattie
9780241952702,The Quantum Universe,Brian Cox
9780470487297,Rewire Your Brain,John B. Arden
9780393347777,Naked Statistics,Charles Wheelan
9780553818499,The Female Brain,Louann Brizendine
9780140276053,The Blank Slate,Steven Pinker
9780008241780,Exactly,Simon Winchester
9780307338402,Secrets Of Mental Math,Arthur Benjamin
9781491910399,R for Data Science,Garrett Grolemund
9780141374109,My Family and Other Animals,Gerald Durrell
9780375709227,A General Theory Of Love,Thomas Lewis
9780141035826,The Medium is the Massage,John Berger
9781439148815,Failure Is Not an Option,Gene Kranz
9780465025275,Six Easy Pieces,Richard P. Feynman
9781509805105,Wilding,Isabella Tree
9781405924740,The Push,Tommy Caldwell
9780241355213,The Uninhabitable Earth,David Wallace-wells
9780099501640,Descartes' Error,Antonio Damasio
9780007214228,Longitude,Dava Sobel
9780199219223,On the Origin of Species,Charles Darwin
9781909489400,The Maze Runner,James Dashner
9781408851241,The Sixth Extinction,Kolbert
9780141983479,Bullshit Jobs,David Graeber
9780393712377,The Polyvagal Theory in Therapy,Deborah A. Dana
9781426218460,The Psychobiotic Revolution,Scott C. Anderson
9780321036636,The Physiology Coloring Book,Wynn Kapit
9781857028898,The Code Book,Dr. Simon Singh
9780679776390,Spell Of The Sensuous,David Abram
9780394720241,The Power Broker,Robert A. Caro
9780099598473,Peak,Anders Ericsson
9788179925911,The Theory of Everything,Stephen Hawking
9780141976228,Classical Mechanics,George Hrabovsky
9780593056974,A Briefer History of Time,Stephen Hawking
9781612129686,Illustrated Herbiary: Guidance and Rituals from 36 Bewitching Botanicals,Maia Toll
9780062301239,Elon Musk,Ashlee Vance
9780140054101,Jupiter's Travels,Ted Simon
9781851687794,How to Teach Quantum Physics to Your Dog,Chad Orzel
9781787413719,My Hidden Chimp,Steve Peters
9781910002742,The Girl of Ink & Stars,Kiran Millwood Hargrave
9781617230127,The Sports Gene,David Epstein
9781580081757,Growing Gourmet & Medicinal Mush,Paul Stamets
9781760113643,NeuroTribes,Steve Silberman
9781782116615,The Brain,David Eagleman
9780761159131,Unlikely Friendships,Jennifer S. Holland
9780141007458,Stiff,Mary Roach
9780141979243,The Master Algorithm,Pedro Domingos
9780143130444,Drawdown,Paul Hawken
9783791319902,Art Forms in Nature: The Prints of Ernst Haeckel,Ernst Haeckel
9780716021896,Vegetable Growing Month-by-Month,John Harrison
9781847948137,Erebus: The Story of a Ship,Michael Palin
9781848319158,Junk DNA,Nessa Carey
9780007902231,The Origin of Species,Charles Darwin
9781471159459,The Phantom Atlas,Edward Brooke-hitching
9780143791379,A Zero Waste Life,Anita Vandyke
9781841157917,Fermat's Last Theorem,Dr. Simon Singh
9780099225614,Small Is Beautiful,E. F. Schumacher
9781612125336,Pure Soapmaking,Anne-marie Faiola
9781780229003,The Diet Myth,Tim Spector
9781579128951,The Elements,Nick Mann
9780241967874,Landmarks,Robert Macfarlane
9780486229874,Art Forms in Nature,Ernst Haeckel
9781921372742,The Brain that Changes Itself: stories of personal triumph from the frontiers of brain science,Norman Doidge
9780060915872,The Secret Life of Plants,Peter Tompkins
9780393338102,The Elegant Universe,Brian Greene
9780198392118,Oxford IB Diploma Programme: Biology Course Companion,Andrew Allott
9780141984964,The Order of Time,Carlo Rovelli
9780345345059,Sand County Almanac,Aldo Leopold
9780937381991,Water,John Palmer
9780393355628,"""Surely You're Joking, Mr. Feynman!""",Richard P. Feynman
9780062014108,The Holographic Universe,Professor Michael Talbot
9780749386061,Chaos,James Gleick
9781781313619,Off the Map,Alastair Bonnett
9780394800189,Are You My Mother?,P. D Eastman
9780241400517,The Uninhabitable Earth,David Wallace-wells
9780141975580,Feral,George Monbiot
9780393354324,"Guns, Germs, and Steel",Jared Diamond
9780306812835,Structures,J. Gordon
9781607743880,The New World Champion Paper Airplane Book,John M. Collins
9780471295631,Against the Gods,Peter L. Bernstein
9781626253735,Balanced and Barefoot,Angela J. Hanscom
9781780229072,A Brief History of Everyone Who Ever Lived,Adam Rutherford
9781568582894,Adam Spencer's Book of Numbers,Adam Spencer
9780062843395,The Longevity Paradox,Steven R. Gundry
9780062230171,This Explains Everything,John Brockman
9780552776387,The Moral Landscape,Sam Harris
9781847925909,In Praise of Walking,Shane O'Mara
9780618494965,Curious George and the Firefighters,Margret Rey
9780062376589,The Mind-Gut Connection,Emeran Mayer
9780008125080,Human Universe,Brian Cox
9781780897158,"Hello, is this planet Earth?",Tim Peake
9780767926102,How to Choose the Sex of Your Baby,Landrum B Shettles
9780099536796,Last Chance To See,Douglas Adams
9781444727944,The Science Delusion,Rupert Sheldrake
9781579129712,Molecules,Nick Mann
9780143038580,The Omnivore's Dilemma,Michael Pollan
9781846467981,Mad About Sharks,Deborah Jane Murrell
9780008226299,Other Minds,Peter Godfrey-Smith
9780099771111,The Snow Leopard,Peter Matthiessen
9780241959596,David and Goliath,Malcolm Gladwell
9781786897244,Figuring,Maria Popova
9781509838530,The Elephant Whisperer,Lawrence Anthony
9781471153884,The Radium Girls,Kate Moore
9784774307602,My Book Of Number Games 1-150,Publishing Kumon
9780141010014,Wildwood,Roger Deakin
9781845337315,RHS Latin for Gardeners,Royal Horticultural Society
9780062652416,Head Strong,Dave Asprey
9780143127536,How Not to Be Wrong,Jordan Ellenberg
9780061336461,The Language Instinct,Steven Pinker
9781781250372,The Vital Question,Nick Lane
9781907704703,Neurocomic,Matteo Farinella
9781577319726,Active Hope,Joanna R. Macy
9780060533229,Biomimicry,Janine M. Benyus
9780061435188,The Field,Lynne McTaggart
9780452297920,The Dyslexic Advantage,Brock L Eide
9780007395828,Wonders of the Universe,Brian Cox
9780099535478,Cradle to Cradle,Michael Braungart
9780141983387,The Butchering Art,Lindsey Fitzharris
9780393707878,The Pocket Guide to The Polyvagal Theory,Stephen Porges
9780593077184,The Illustrated Brief History Of Time,Stephen Hawking
9780241294758,How to Be Human,Ruby Wax
9780593076842,Midnight in Chernobyl,Adam Higginbotham
9781856230513,Earth User's Guide to Permaculture,Rosemary Morrow
9781401952471,The Biology of Belief,Bruce H Lipton
9781509864928,An Elephant in My Kitchen,Francoise Malby-Anthony
9781911617549,What Doesn't Kill Us,Scott Carney
9781900322621,Creating a Forest Garden,Martin Crawford
9780143037880,The Singularity is Near,Ray Kurzweil
9780141011455,The Smartest Guys in the Room,Bethany McLean
9781849909679,Blue Planet II,James Honeyborne
9780141047546,Happy City,Charles Montgomery
9781451616835,Abundance,Peter H. Diamandis
9780875420288,Animal-speak,Ted Andrews
9781473611771,Unthinkable,Helen Thomson
9780141975344,Brain On Fire: My Month of Madness,Susannah Cahalan
9780071825108,"Ganong's Review of Medical Physiology, Twenty-Fifth Edition",Kim E. Barrett
9781909489417,The Scorch Trials,James Dashner
9780898158397,Psilocybin Mushrooms Of The World,Paul Stamets
9780141982410,The Book of Why,Judea Pearl
9781426207556,The Blue Zones,Dan Buettner
9780393351378,The Science of Interstellar,Kip Thorne
9781611800654,Tinkerlab,Rachelle Doorley
9781583333785,Play,Stuart Brown
9780141975863,Things to Make and Do in the Fourth Dimension,Matt Parker
9781885071620,Pocket Ref,Thomas J. Glover
9780393337174,The Art of Strategy,Avinash K. Dixit
9780064467018,Give Me Half!,Stuart J. Murphy
9780143110378,The Inevitable,Kevin Kelly
9780753552568,How to Invent Everything,Ryan North
9781473637313,Thing Explainer,Randall Munroe
9780060936778,The Cartoon Guide to Chemistry,Larry Gonick
9780241360231,Humble Pi,Matt Parker
9780553815221,1421,Gavin Menzies
9780008172039,Inferior,Angela Saini
9780670038305,The Brain That Changes Itself,Norman Doidge
9781292085609,The Rules of Life,Richard Templar
9780571218332,Istanbul,Orhan Pamuk
9781782112464,Incognito,David Eagleman
9780486241388,Human Anatomy,Margaret Matt
9780141399959,The Story of the Human Body,Daniel Lieberman
9780618249060,Silent Spring,Rachel Carson
9780226239736,The Craft of Research,Wayne C. Booth
9780143122012,The Better Angels of Our Nature,Steven Pinker
9781603587631,Dirt to Soil,Gabe Brown
9780007386901,Wonders of the Solar System,Brian Cox
9780465023820,"The Feynman Lectures on Physics, boxed set",Richard P. Feynman
9780878936137,Neuroanatomy through Clinical Cases,Hal Blumenfeld
9780399183645,Into the Magic Shop,Director James R Doty
9780062906717,Conscious,Annaka Harris
9780241351567,Talking to Strangers,Malcolm Gladwell
9780761180517,Ocean,Dan Kainen
9781847672360,Bonk,Mary Roach
9781760291327,The Memory Code,Lynne Kelly
9781846883668,Travelling to Infinity: The True Story Behind the Theory of Everything,Jane Hawking
9780307387943,Zeitoun,Dave Eggers
9780822346333,Vibrant Matter,Jane Bennett
9780241954638,Our Mathematical Universe,Max Tegmark
9781784874025,Money,Yuval Noah Harari
9781782183242,An Astonishing Secret,Daniel O'Leary
9781597143158,The Laws Guide to Nature Drawing and Journaling,John Muir Laws
9780393350388,Death by Black Hole,Neil Degrasse Tyson
9780141011110,The Fabric of the Cosmos,Brian Greene
9781784291228,The Rise of Superman,Steven Kotler
9780062429667,Stealing Fire,Steven Kotler
9780970700612,The Anatomy of Hatha Yoga,H.David Coulter
9780586091715,The Holographic Universe,Michael Talbot
9780241360194,Humble Pi,Matt Parker
9781451624465,A Universe from Nothing,Lawrence M Krauss
9781509837526,How Emotions Are Made,Lisa Feldman Barrett
9780060530891,Where's the Poop?,Julie Markes
9780060731335,Freakonomics,Steven D Levitt
9781476748368,Childhood Disrupted,Donna Jackson Nakazawa
9780141012933,The Secret Life of Trees,Colin Tudge
9781107604667,What is Life?,Erwin Schrodinger
9780062731005,The Cartoon Guide to Physics,Larry Gonick
9781408842812,The Simpsons and Their Mathematical Secrets,Dr. Simon Singh
9780241365434,The GCHQ Puzzle Book II,GCHQ
9780717180158,Humanology,Luke O'Neill
9781856230919,Permaculture Design,Aranya
9780387848570,The Elements of Statistical Learning,Trevor Hastie
9780822362241,Staying with the Trouble,Donna J. Haraway
9780936070520,Tiny Homes,Lloyd Kahn
9781851688234,Packing for Mars,Mary Roach
9780062731029,Cartoon Guide to Statistics,Larry Gonick
9781925603941,Europe: A Natural History,Tim Flannery
9780552778992,Meadowland,John Lewis-Stempel
9780141975627,Cooked,Michael Pollan
9781446200469,Discovering Statistics Using R,Andy Field
9780307278821,Physics of the Impossible,Department of Physics Michio Kaku
9781780748481,The Rise of the Robots,Martin Ford
9781607748892,Story Genius,Lisa Cron
9780199678112,Superintelligence,Nick Bostrom
9780141978956,David and Goliath,Malcolm Gladwell
9781406387155,Curiosity,Markus Motum
9780470618363,Chemistry Essentials For Dummies,John T. Moore
9780099282556,Waterlog,Roger Deakin
9780007488841,The Planets,Brian Cox
9780300078152,Seeing Like a State,James C. Scott
9781509805099,Wilding,Isabella Tree
9780141046495,In Defence of Dogs,John Bradshaw
9780141988870,The Uninhabitable Earth,David Wallace-wells
9781846276378,The Case Against Sugar,Gary Taubes
9780340895900,The Cloudspotter's Guide,Gavin Pretor-Pinney
9789569569067,Relativity,Albert Einstein
9781783350827,The Idiot Brain,Dean Burnett
9780205548743,A Colorful Introduction to the Anatomy of the Human Brain,John P. J. Pinel
9781847947437,Smarter Faster Better,Charles Duhigg
9781851687879,The Moneyless Man,Mark Boyle
9780062376558,The Mind-Gut Connection,Emeran Mayer
9781119952879,Psychology Statistics For Dummies,Donncha Hanna
9781607742456,Wired For Story,Lisa Cron
9780198393559,Oxford IB Study Guides: Physics for the IB Diploma,Tim Kirk
9780143117001,Collapse,Jared Diamond
9780141985015,Special Relativity and Classical Field Theory,Leonard Susskind
9781447264064,On the Move,Oliver Sacks
9781856233019,No Dig Organic Home & Garden,Charles Dowding
9781784700171,I Contain Multitudes,Ed Yong
9780231133135,Molecular Gastronomy,Herve This
9781848872271,The Shallows,Nicholas Carr
9780465030798,I Am a Strange Loop,Douglas R. Hofstadter
9781452136219,This Book Is a Planetarium,Kelli Anderson
9780385479561,The Hot Zone,Richard Preston
9780300245929,The Master and His Emissary,Iain McGilchrist
9780241955185,Stuff Matters,Mark A. Miodownik
9780141026473,The Drunkard's Walk,Leonard Mlodinow
9781501144325,Why We Sleep,Matthew Walker
9780812982220,The Revenge Of Geography,Robert D. Kaplan
9781846468018,Mad About Bugs,Deborah Jane Murrell
9780865428713,Essential Medical Statistics,Betty R. Kirkwood
9780435519100,Edexcel AS and A Level Modular Mathematics Core Mathematics 1 C1,Keith Pledger
9780006532361,The Dog Listener,Jan Fennell
9780099563587,The Woman who Changed Her Brain,Barbara Arrowsmith-Young
9780198426981,"Oxford IB Diploma Programme: IB Mathematics: applications and interpretation, Standard Level, Print and Enhanced Online Course Book Pack",Jane Forrest
9781911617679,Aware,Daniel J. Siegel
9781845296841,A Brief History of the Universe,J. P. McEvoy
9781450413985,Delavier's Stretching Anatomy,Frederic Delavier
9780099575832,The Knowledge,Lewis Dartnell
9780312382155,Babylon's Ark,Lawrence Anthony
9781597265737,Cities for People,Jan Gehl
9781250062185,The Sixth Extinction,Elizabeth Kolbert
9780393061314,"Guns, Germs, and Steel",Jared Diamond
9781760634391,Low Tox Life,Alexx Stuart
9781501144318,Why We Sleep,Matthew Walker
9780141988436,Drawdown,Paul Hawken
9781579128883,The Elements Jigsaw Puzzle,Nick Mann
9781405336994,The Natural History Book,DK
9780141026183,Unweaving the Rainbow,Richard Dawkins
9780008294281,Life on Earth,David Attenborough
9780199230853,Why Evolution is True,Jerry A. Coyne
9780099289920,The Elegant Universe,Brian Greene
9780199218462,Game Theory: A Very Short Introduction,Ken Binmore
9780691164076,How to Solve It,Georg Polya
9780593080399,The Four Horsemen,Richard Dawkins
9780688069711,The Body Electric,Robert O. Becker
9780316423915,Blueprint,Nicholas A. Christakis
9781905862481,Making Your Own Cheese,Paul Peacock
9781570916014,Sir Cumference And The Sword In The Cone,Cindy Neuschwander
9780060556570,The Red Queen,Matt Ridley
9780691157245,Welcome to the Universe,Neil Degrasse Tyson
9780892817498,Medical Herbalism,David Hoffmann
9781780899602,Stranger Things: Worlds Turned Upside Down,Gina McIntyre
9781847924360,Origins,Lewis Dartnell
9780008151553,Numbers Workbook Ages 3-5: New Edition,Collins Easy Learning
9780552125550,In Search Of Schrodinger's Cat,John Gribbin
9780684846347,Molecules of Emotion The Science Behind Mind Body Medicine,Candace Pert
9780316051637,The Disappearing Spoon,Sam Kean
9781409355717,Help Your Kids With Maths,Carol Vorderman
9780241338681,Life Lessons from a Brain Surgeon,Rahul Jandial
9780141027586,Your Inner Fish,Neil Shubin
9781787331358,The Garden Jungle,Dave Goulson
9781405340410,The Concise Human Body Book,DK
9780007149537,The Age of Wonder,Richard Holmes
9780500519363,Joseph Banks' Florilegium,Joe Studholme
9781408889213,Mudlarking,Lara Maiklem
9781400032051,1491 (Second Edition),Charles C Mann
9780465062881,Endurance,Alfred Lansing
9780007584055,10% Human,Alanna Collen
9780552152181,The Seven Daughters Of Eve,Bryan Sykes
9780525428084,The Inevitable,Kevin Kelly
9781408824832,Merchants of Doubt,Erik M. Conway
9780141030883,'What Do You Care What Other People Think?',Richard P. Feynman
9780192853615,Mathematics: A Very Short Introduction,Timothy Gowers
9781409383468,Help Your Kids with Science,Carol Vorderman
9780375713699,Becoming Animal,David Abram
9780241237861,Blockchain Revolution,Don Tapscott
9780747597209,Logicomix,Apostolos Doxiadis
9780062316110,Sapiens,Yuval Noah Harari
9780715328088,The Cloud Book,Richard Hamblyn
9780099281993,Salt,Mark Kurlansky
9780241309933,Captivate,Vanessa Van Edwards
9780813595832,Ignition!,John Drury Clark
9780544272996,What If?,Randall Munroe
9780963009609,Pihkal,Alexander T. Shulgin
9780393310726,How to Lie with Statistics,Darrell Huff
9780865717756,Coming Back to Life,Joanna R. Macy
9780007341399,Atlantic,Simon Winchester
9781473615229,How To Read Water,Tristan Gooley
9780340919439,The Cloud Collector's Handbook,Gavin Pretor-Pinney
9780060884611,The Man Who Loved China,Author and Historian Simon Winchester
9780451529060,The Origin Of Species,Charles Darwin
9780670025503,The Brain's Way of Healing,Norman Doidge
9780062086440,The Upside of Irrationality,Dr Dan Ariely
9781846467998,Mad About Space,Ladybird
9780140278163,The Beginning of Infinity,David Deutsch
9781608193943,Merchants of Doubt,Naomi Oreskes
9780807068878,"New And Selected Poems, Volume Two",Mary Oliver
9780241960455,Cat Sense,John W. S. Bradshaw
9781119345237,Anatomy and Physiology For Dummies,Erin Odya
9780571233571,"Animal, Vegetable, Miracle",Barbara Kingsolver
9781848310353,Quantum,Manjit Kumar
9781491912058,Python Data Science Handbook,Jake Vanderplas
9781292183398,Edexcel AS and A level Mathematics Pure Mathematics Year 1/AS Textbook + e-book,
9780008210038,Forces of Nature,Brian Cox
9780465025268,Six Not-So-Easy Pieces,Richard P. Feynman
9781846044496,The Autistic Brain,Temple Grandin
9780307740984,The Accidental Billionaires,Ben Mezrich
9780670919710,An African Love Story,Dame Daphne Sheldrick
9781408888469,Climate Justice,Mary Robinson
9780241399361,Novacene,James Lovelock
9781846276125,Nine Pints,Rose George
9780753541470,"Salt, Sugar, Fat",Michael Moss
9780471134473,Basic Physics,Karl F. Kuhn
9781603584555,Organic Mushroom Farming and Mycoremediation,Tradd Cotter
9780851319056,The Horse Anatomy Workbook,Maggie Raynor
9781564784018,Voices from Chernobyl,Svetlana Alexievich
9781416542742,The Language Of God: A Scientist Presents Evidence For Belief,Collins
9780753513576,The World Without Us,Alan Weisman
9781604690958,Botany for Gardeners,Brian Capon
9780190469412,The Death of Expertise,Tom Nichols
9781607439431,Yoga Mat Companion 1: Vinyasa Flow & Standing Poses,Ray Long
9781409350156,The Science Book,DK
9780435519117,Edexcel AS and A Level Modular Mathematics Core Mathematics 2 C2,Keith Pledger
9780618057078,The Origin of Consciousness in the Breakdown of the Bicameral Mind,Julian Jaynes
9781107628199,Physics for the IB Diploma Coursebook,K. A. Tsokos
9781780226897,River Out of Eden,Richard Dawkins
9781841195520,A Brief History of Science,Thomas Crump
9781604860801,The Vegetarian Myth,Lierre Keith
9780465024933,"The Feynman Lectures on Physics, Vol. I",Richard P. Feynman
9780060930721,The Second Brain,Michael Gershon
9781447263661,The River of Consciousness,Oliver Sacks
9780307278128,The Hidden Reality,Brian Greene
9780387310732,Pattern Recognition and Machine Learning,Christopher M. Bishop
9780865479180,Bad Science,Ben Goldacre
9780345346292,Speculations on the Evolution of Human Intelligence,Carl Sagan
9780198390114,Oxford IB Diploma Programme: Mathematics Standard Level Course Companion,Paul La Rondie
9780552777506,The Disappearing Spoon...and other true tales from the Periodic Table,Sam Kean
9780582411272,Calculations in AS/A Level Chemistry,Jim Clark
9781473628595,How Long is Now?,New Scientist
9780593076835,Midnight in Chernobyl,Adam Higginbotham
9780830837045,The Lost World of Genesis One,Dr John H Walton
9780062223227,Big Questions from Little People...,Gemma Elwin Harris
9781451624434,The Big Fat Surprise,Nina Teicholz
9780330458078,Triumph of the City,Edward Glaeser
9780141014630,Parallel Worlds,Michio Kaku
9780241349649,The Salt Path,Raynor Winn
9780062429650,Stealing Fire,Steven Kotler
9780544483941,Stuff Matters,Mark Miodownik
9781583943977,Sacred Economics,Charles Eisenstein
9781612197494,How To Do Nothing,Jenny Odell
9780440229124,The Cay,Theodore Taylor
9780345326492,Desert Solitaire,Edward Abbey
9780316133760,Love Sense,Dr Sue Johnson
9780435519124,Edexcel AS and A Level Modular Mathematics Statistics 1 S1,Greg Attwood
9781910002704,Beetle Boy,M. G. Leonard
9781439171226,The Moral Landscape,Sam Harris
9781591431350,Plant Intelligence and the Imaginal Realm,Stephen Harrod Buhner
9788499926223,Sapiens,Yuval Noah Harari
9780393350647,The Second Machine Age,Erik Brynjolfsson
9781878348609,Reef Fish Identification,Paul Humann
9781401926311,Spontaneous Evolution: Our Positive Future and a Way to Get There From Here,Bruce Lipton
9780143128298,What's Math Got to Do with It?,Jo Boaler
9781905172863,An Unsung Hero,Michael Smith
9781292232539,Edexcel AS and A level Mathematics Statistics & Mechanics Year 1/AS Textbook + e-book,Greg Attwood
9781452117249,TouchThinkLearn: Numbers,Xavier Deneux
9781680450262,"Make: Electronics, 2e",Charles Platt
9781785040450,The Power of When,Dr. Michael Breus
9780195007770,A Sand County Almanac,Aldo Leopold
9780982978665,Trail Guide to the Body Workbook,Andrew Biel
9781409345718,Great Maps,Jerry Brotton
9780007448319,The Teenage Brain,Frances E. Jensen
9780870714993,Gathering Moss,Robin Wall Kimmerer
9781847925398,Ten Arguments For Deleting Your Social Media Accounts Right Now,Jaron Lanier
9781783961412,Prisoners of Geography,Tim Marshall
9781609619114,The Honest Life,Jessica Alba
9781474606455,The Ancestor's Tale,Richard Dawkins
9780060845506,The Third Chimpanzee,Jared M Diamond
9780802778130,Quadrivium,Miranda Lundy
9781491952962,Practical Statistics for Data Scientists,Peter Bruce
9781452117270,Touchthinklearn: Shapes,Xavier Deneux
9781785033506,Fingers in the Sparkle Jar,Chris Packham
9781603584449,The Resilient Farm and Homestead,Ben Falk
9780195573954,Field Guide to Mammals of Australia,Peter Menkhorst
9780091865122,The Pocket Atlas Of The Moving Body,Mel Cash
9780552157629,Trick or Treatment?,Dr. Simon Singh
9781848319929,Atomic,Jim Baggott
9780141017969,Zero Degrees of Empathy,Simon Baron-Cohen
9781906860165,Drugs Without the Hot Air,David Nutt
9781849909655,Planet Earth II,Stephen Moss
9780521867443,Calculus,Michael Spivak
9781785034466,The Book of Hygge,Louisa Thomsen Brits
9780452295544,My Stroke of Insight,Jill Bolte Taylor
9780007488803,Human Universe,Brian Cox
9781400080793,The Quantum and the Lotus,Professor of Astronomy Trinh Xuan Thuan
9780615653631,Introduction to Mathematical Thinking,Professor Keith Devlin
9781612120898,Soap Crafting,Anne-marie Faiola
9780670075928,Down to Earth,Rhonda Hetzel
9780141978048,From Bacteria to Bach and Back,Daniel C. Dennett
9781607439424,Yoga Mat Companion 2: Hip Openers & Forward Bends,Ray Long
9781783351152,Can You Solve My Problems?,Alex Bellos
9780954452933,Sustainable Energy - without the hot air,David J. C. MacKay
9781848315891,Introducing Particle Physics,Tom Whyntie
9780141985756,Thank You for Being Late,Thomas L. Friedman
9780807068793,Why I Wake Early,Mary Oliver
9781784758578,Erebus: The Story of a Ship,Michael Palin
9781319108243,Lehninger Principles of Biochemistry,David L. Nelson
9780198301783,"Project X Origins: Purple Book Band, Oxford Level 8: Water: A Wild Ride",Tony Bradman
9781846682629,The (Mis)Behaviour of Markets,Benoit B. Mandelbrot
9780241302149,The Science of Spice,Dr. Stuart Farrimond
9781118021743,Biochemistry For Dummies,John T. Moore
9780393334777,How the Mind Works,Steven Pinker
9780544002340,The Storytelling Animal,Instructor Jonathan Gottschall
9780241981979,Optimism Over Despair,Noam Chomsky
9780764125959,"Good Night, Teddy",Francesca Ferri
9780198301790,"Project X Origins: Purple Book Band, Oxford Level 8: Water: Don't Look Down",Tony Bradman
9780822339175,Meeting the Universe Halfway,Karen Barad
9781451677614,The Making of the Atomic Bomb,Richard Rhodes
9781784163068,Hello World,Hannah Fry
9780613685726,Everyone Poops,Taro Gomi
9780007225743,The Information,James Gleick
9781848094772,Overview,Benjamin Grant
9781471135262,The Industries of the Future,Alec Ross
9780691147215,Honeybee Democracy,Thomas D. Seeley
9781925501629,Climate Change Delusion and the Great Electricity Ripoff,Ian Plimer
9781108439589,There Is No Planet B,Mike Berners-Lee
9780865475878,Cradle to Cradle,William McDonough
9780465075683,The Theoretical Minimum,George Hrabovsky
9781541644632,Deep Medicine,Eric Topol
9781451697681,Zero Waste Home,Bea Johnson
9780008353742,Lifespan,David Sinclair
9780193727861,Piano Time 2,Pauline Hall
9780099597827,Against Empathy,Paul Bloom
9780448437644,Who Was Charles Darwin?,Deborah Hopkinson
9781847925015,In Praise of Walking,Shane O'Mara
9780143118053,Reading in the Brain,Stanislas Dehaene
9781912836017,If Women Rose Rooted,Sharon Blackie
9781250118363,Algorithms to Live by,Brian Christian
9780008305666,Limitless Mind,Jo Boaler
9781594202292,Moonwalking with Einstein,Joshua Foer
9781473647770,The Grain Brain Whole Life Plan,David Perlmutter
9780198392132,Oxford IB Diploma Programme: Physics Course Companion,Michael Bowen-Jones
9780060926717,A Beginner's Guide to Constructing the Universe,Michael S. Schneider
9781861978189,Life Ascending,Nick Lane
9780593074305,The Good Gut,Justin Sonnenburg
9780553103748,A Brief History of Time,Stephen Hawking
9781760295486,Rewording the Brain,David Astle
9781595948151,The Unabomber Manifesto,The Unabomber
9781501121470,Prisoners of Geography,Tim Marshall
9780195105193,What Is Mathematics?,Richard Courant
9781623172435,Thus Spoke the Plant,Monica Gagliano
9780553380163,A Brief History of Time: 10th Anniversary Ed,Stephen Hawking
9780993597503,Chernobyl 01:23:40,Andrew Leatherbarrow
9780198745587,Philosophy of Science: Very Short Introduction,Samir Okasha
9781783199358,Photograph 51,Anna Ziegler
9781847924766,The Gendered Brain,Gina Rippon
9780812981445,Start Something That Matters,Blake Mycoskie
9780143118244,Too Big to Fail,Andrew Ross Sorkin
9781509530571,Down to Earth,Bruno Latour
9780241300756,The Fourth Industrial Revolution,Klaus Schwab
9780198392125,Oxford IB Diploma Programme: Chemistry Course Companion,Sergey Bylikin
9781925321814,"The Brain's Way of Healing: Remarkable discoveries and recoveries from the frontiers of neuroplasticity,",Norman Doidge
9781909621985,My Family and Other Animals,Gerald Durrell
9780465023950,The Pleasure of Finding Things Out,Richard P. Feynman
9780552150729,A Short History of Nearly Everything,Bill Bryson
9781509809950,Solve For Happy,Mo Gawdat
9780553806847,The Talent Code,Daniel Coyle
9781780272092,Shackleton's Boat Journey,Frank Arthur Worsley
9780415278447,The Logic of Scientific Discovery,Sir Karl Popper
9780717180936,The Great Irish Weather Book,Joanna Donnelly
9780500810309,Sacred Geometry,Robert Lawlor
9780224086356,Maths for Mums and Dads,Rob Eastaway